{"features":[{"geometry":{"coordinates":[[-122.39325,37.78214],[-122.39322,37.78206],[-122.39323,37.78198],[-122.39326,37.7819],[-122.39381,37.78147],[-122.39436,37.78103],[-122.39446,37.78101],[-122.39456,37.781],[-122.39466,37.78102]],"type":"LineString"},"properties":{"kind":"local street","mtfcc":"S1400","name":"S Park Ave"},"type":"Feature"},{"geometry":{"coordinates":[[-122.39466,37.78102],[-122.39507,37.7807]],"type":"LineString"},"properties":{"kind":"local street","mtfcc":"S1400","name":"S Park Ave"},"type":"Feature"},{"geometry":{"coordinates":[[-122.39325,37.78214],[-122.39334,37.78216],[-122.39345,37.78215],[-122.39355,37.78212],[-122.39409,37.78169],[-122.39464,37.78126],[-122.39468,37.78118],[-122.39468,37.7811],[-122.39466,37.78102]],"type":"LineString"},"properties":{"kind":"local street","mtfcc":"S1400","name":"S Park Ave"},"type":"Feature"},{"geometry":{"coordinates":[[-122.39284,37.78246],[-122.39325,37.78214]],"type":"LineString"},"properties":{"kind":"local street","mtfcc":"S1400","name":"S Park Ave"},"type":"Feature"},{"geometry":{"coordinates":[[-122.40539,37.78444],[-122.40488,37.784]],"type":"LineString"},"properties":{"kind":"local street","mtfcc":"S1400","name":"E Jessie St"},"type":"Feature"},{"geometry":{"coordinates":[[-122.40656,37.78352],[-122.40604,37.78308]],"type":"LineString"},"properties":{"kind":"local street","mtfcc":"S1400","name":"W Jessie St"},"type":"Feature"},{"geometry":{"coordinates":[[-122.40767,37.79499],[-122.40772,37.79532]],"type":"LineString"},"properties":{"kind":"local street","mtfcc":"S1400","name":"Old Chinatown Ln"},"type":"Feature"},{"geometry":{"coordinates":[[-122.39703,37.74292],[-122.3967,37.74316],[-122.39666,37.7432],[-122.39661,37.74327],[-122.39639,37.74351],[-122.39628,37.74363],[-122.39567,37.74425],[-122.39509,37.74484],[-122.39432,37.74575],[-122.39405,37.74616],[-122.39363,37.7468],[-122.39345,37.74713],[-122.39334,37.74736],[-122.39329,37.74743],[-122.39289,37.74818],[-122.39262,37.74861],[-122.39227,37.74918],[-122.39179,37.75005],[-122.39176,37.7501],[-122.39161,37.75053],[-122.39149,37.7509],[-122.39136,37.75134],[-122.39131,37.75177],[-122.39128,37.7521],[-122.39123,37.75263],[-122.39128,37.75298],[-122.39135,37.75335],[-122.39141,37.75356],[-122.39148,37.75382],[-122.39158,37.75411],[-122.39169,37.75443],[-122.39179,37.7547],[-122.39195,37.75515],[-122.39205,37.75552],[-122.39213,37.75587],[-122.39218,37.75618],[-122.3922,37.75639],[-122.39219,37.75676],[-122.3922,37.75728],[-122.39221,37.75771],[-122.39221,37.75826],[-122.39219,37.75878],[-122.39221,37.7593],[-122.39226,37.76026],[-122.39227,37.76045],[-122.3923,37.76091],[-122.39232,37.76106],[-122.39237,37.76154],[-122.39245,37.76228],[-122.39252,37.76282],[-122.3926,37.76344],[-122.39271,37.76408],[-122.39273,37.76417],[-122.39301,37.76478],[-122.39334,37.76536],[-122.39351,37.76559],[-122.39377,37.76593],[-122.39392,37.76607],[-122.3943,37.76644],[-122.39447,37.76658],[-122.39564,37.76742],[-122.39576,37.7675],[-122.39664,37.76823],[-122.39694,37.76848],[-122.39715,37.76873],[-122.39736,37.76903],[-122.39751,37.76939],[-122.39756,37.76961],[-122.3976,37.76997],[-122.39767,37.77067],[-122.39768,37.77078],[-122.39773,37.77103],[-122.39777,37.77139],[-122.39787,37.77216],[-122.39787,37.77222],[-122.39787,37.77232],[-122.39788,37.77252],[-122.39784,37.77273],[-122.39772,37.77301],[-122.39742,37.77344],[-122.39717,37.77369],[-122.39669,37.7741],[-122.39619,37.77452]],"type":"LineString"},"properties":{"kind":"primary road","mtfcc":"S1100","name":"I- 280"},"type":"Feature"},{"geometry":{"coordinates":[[-122.39743,37.79244],[-122.39755,37.79254],[-122.39859,37.79241],[-122.39976,37.79226],[-122.40093,37.79211],[-122.40164,37.79202],[-122.40175,37.792],[-122.4022,37.79195],[-122.40257,37.7919],[-122.40387,37.79174],[-122.40422,37.79169],[-122.40453,37.79165],[-122.40544,37.79154],[-122.40574,37.7915],[-122.40732,37.7913],[-122.40734,37.7913],[-122.40806,37.7912],[-122.40816,37.79119],[-122.40838,37.79116],[-122.40898,37.79109],[-122.41062,37.79088],[-122.411,37.79083],[-122.41227,37.79067],[-122.41309,37.79057],[-122.4133,37.79054],[-122.41392,37.79046],[-122.41421,37.79042],[-122.4147,37.79036],[-122.41556,37.79025],[-122.41591,37.79021],[-122.41638,37.79015],[-122.4172,37.79004],[-122.41751,37.79001],[-122.41842,37.78989],[-122.41884,37.78983],[-122.42049,37.78962],[-122.42201,37.78943],[-122.42224,37.7894],[-122.42378,37.7892],[-122.42542,37.78899],[-122.42706,37.78879],[-122.42831,37.78863],[-122.42871,37.78858],[-122.43036,37.78837],[-122.432,37.78816],[-122.43283,37.78805],[-122.43365,37.78795],[-122.43529,37.78774],[-122.43694,37.78753],[-122.43858,37.78733],[-122.44012,37.78713],[-122.4402,37.78712],[-122.44025,37.78711],[-122.44029,37.78711],[-122.44192,37.7869],[-122.44356,37.78669],[-122.44521,37.78648],[-122.44661,37.7863]],"type":"LineString"},"properties":{"kind":"local street","mtfcc":"S1400","name":"Pine St"},"type":"Feature"},{"geometry":{"coordinates":[[-122.4081,37.78402],[-122.40801,37.78395],[-122.40795,37.7839],[-122.40748,37.78353],[-122.40718,37.78329],[-122.40702,37.78316],[-122.40648,37.78273],[-122.40593,37.7823],[-122.40547,37.78193],[-122.40493,37.7815],[-122.4044,37.78108],[-122.40392,37.7807],[-122.40367,37.7805],[-122.40339,37.78026],[-122.40284,37.77983],[-122.40266,37.77968],[-122.40252,37.77957],[-122.40249,37.77955],[-122.40238,37.77946],[-122.40184,37.77903],[-122.40134,37.77863],[-122.40132,37.77861],[-122.4013,37.7786],[-122.40086,37.77824],[-122.40084,37.77823],[-122.4003,37.7778],[-122.39976,37.77737],[-122.39875,37.77657],[-122.39797,37.77594],[-122.39721,37.77533],[-122.39703,37.77519],[-122.39683,37.77503],[-122.39677,37.77498],[-122.39638,37.77467],[-122.39626,37.77458],[-122.39619,37.77452],[-122.39558,37.77403],[-122.39534,37.77384],[-122.39495,37.77353]],"type":"LineString"},"properties":{"kind":"local street","mtfcc":"S1400","name":"5th St"},"type":"Feature"},{"geometry":{"coordinates":[[-122.40371,37.78404],[-122.40406,37.78377],[-122.40593,37.7823],[-122.40671,37.78168],[-122.40816,37.78054],[-122.40928,37.77966],[-122.4104,37.77878],[-122.41187,37.77762],[-122.41262,37.77703],[-122.41417,37.7758]],"type":"LineString"},"properties":{"kind":"local street","mtfcc":"S1400","name":"Minna St"},"type":"Feature"},{"geometry":{"coordinates":[[-122.41629,37.77749],[-122.41617,37.7774],[-122.41532,37.77672],[-122.41471,37.77623],[-122.41417,37.7758],[-122.41372,37.77544],[-122.41316,37.77499],[-122.41263,37.77457],[-122.41217,37.7742],[-122.41161,37.77377],[-122.41107,37.77333],[-122.41069,37.77302],[-122.41008,37.77253],[-122.40908,37.77173],[-122.40853,37.77129],[-122.407,37.77005],[-122.40621,37.76946]],"type":"LineString"},"properties":{"kind":"local street","mtfcc":"S1400","name":"9th St"},"type":"Feature"},{"geometry":{"coordinates":[[-122.40726,37.78212],[-122.40671,37.78168],[-122.40625,37.78131],[-122.40572,37.78088]],"type":"LineString"},"properties":{"kind":"local street","mtfcc":"S1400","name":"Mary St"},"type":"Feature"},{"geometry":{"coordinates":[[-122.40988,37.79353],[-122.40994,37.7938]],"type":"LineString"},"properties":{"kind":"local street","mtfcc":"S1400","name":"Freeman Ct"},"type":"Feature"},{"geometry":{"coordinates":[[-122.4077,37.78261],[-122.40924,37.7814],[-122.41019,37.78065]],"type":"LineString"},"properties":{"kind":"local street","mtfcc":"S1400","name":"Jessie St"},"type":"Feature"},{"geometry":{"coordinates":[[-122.40928,37.77966],[-122.40905,37.77948],[-122.40881,37.77929],[-122.40833,37.77893],[-122.40827,37.77886],[-122.40672,37.77763]],"type":"LineString"},"properties":{"kind":"local street","mtfcc":"S1400","name":"Russ St"},"type":"Feature"},{"geometry":{"coordinates":[[-122.39714,37.79724],[-122.39833,37.79709],[-122.39898,37.797],[-122.39951,37.79693],[-122.40068,37.79678],[-122.40129,37.7967],[-122.40185,37.79663],[-122.4024,37.79655],[-122.40292,37.79649],[-122.4035,37.79642],[-122.40441,37.7963],[-122.40484,37.79625],[-122.40514,37.79621],[-122.40586,37.79612],[-122.40623,37.79608],[-122.40635,37.79606],[-122.40665,37.79603],[-122.40708,37.79597],[-122.40732,37.79594],[-122.40743,37.79593],[-122.40756,37.79591],[-122.4078,37.79588],[-122.40825,37.79582],[-122.4087,37.79577],[-122.40874,37.79576],[-122.40908,37.79572],[-122.40934,37.79569],[-122.40955,37.79566],[-122.4099,37.79562],[-122.41108,37.79547],[-122.41124,37.79545],[-122.41154,37.79541],[-122.41189,37.79536],[-122.41234,37.79531],[-122.41319,37.7952],[-122.41401,37.79509],[-122.41424,37.79506],[-122.4146,37.79502],[-122.41483,37.79499],[-122.41647,37.79478],[-122.41695,37.79472],[-122.41752,37.79464],[-122.41811,37.79457],[-122.41893,37.79446],[-122.41975,37.79435],[-122.4214,37.79414],[-122.42297,37.79394],[-122.42314,37.79392],[-122.42469,37.79373],[-122.42633,37.79352],[-122.42798,37.79331],[-122.42963,37.7931],[-122.43126,37.79289],[-122.43292,37.79268],[-122.43456,37.79247],[-122.4362,37.79226],[-122.43785,37.79205],[-122.43949,37.79184],[-122.44115,37.79163],[-122.44283,37.79142],[-122.44448,37.79121],[-122.44612,37.791],[-122.4475,37.79082],[-122.44773,37.79079],[-122.44919,37.79061],[-122.45083,37.7904],[-122.45248,37.79019],[-122.45412,37.78998],[-122.45577,37.78977],[-122.45741,37.78956],[-122.45945,37.7893]],"type":"LineString"},"properties":{"kind":"local street","mtfcc":"S1400","name":"Jackson St"},"type":"Feature"},{"geometry":{"coordinates":[[-122.39731,37.79817],[-122.39852,37.79802],[-122.39969,37.79781],[-122.40086,37.79765],[-122.40204,37.79751],[-122.40289,37.7974],[-122.40368,37.7973],[-122.40406,37.79725],[-122.40477,37.79716],[-122.40532,37.79709],[-122.40551,37.79707],[-122.40653,37.79694],[-122.40683,37.7969],[-122.40748,37.79682],[-122.40762,37.7968],[-122.40773,37.79679],[-122.40843,37.7967],[-122.40875,37.79666],[-122.40885,37.79665],[-122.40925,37.7966],[-122.41008,37.79649],[-122.41051,37.79644],[-122.41089,37.79639],[-122.41172,37.79629],[-122.41218,37.79623],[-122.4125,37.79619],[-122.41254,37.79619],[-122.4128,37.79615],[-122.41337,37.79608],[-122.41428,37.79597],[-122.41463,37.79592],[-122.415,37.79588],[-122.41665,37.79567],[-122.41701,37.79563],[-122.41829,37.79546],[-122.41912,37.79536],[-122.41982,37.79527],[-122.41994,37.79524],[-122.42158,37.79503],[-122.42312,37.79483],[-122.42328,37.79481],[-122.42487,37.79461],[-122.42651,37.7944],[-122.42816,37.79419],[-122.4298,37.79398],[-122.43145,37.79377],[-122.43309,37.79356],[-122.43473,37.79335],[-122.43638,37.79314],[-122.43802,37.79293],[-122.43967,37.79272],[-122.44133,37.79251],[-122.44265,37.79234],[-122.443,37.7923],[-122.44466,37.79209],[-122.4463,37.79188],[-122.44768,37.7917],[-122.44802,37.79166],[-122.44937,37.79149],[-122.451,37.79121],[-122.45262,37.79088],[-122.45424,37.79056]],"type":"LineString"},"properties":{"kind":"local street","mtfcc":"S1400","name":"Pacific Ave"},"type":"Feature"},{"geometry":{"coordinates":[[-122.40968,37.79698],[-122.41016,37.79692]],"type":"LineString"},"properties":{"kind":"local street","mtfcc":"S1400","name":"Fisher Aly"},"type":"Feature"},{"geometry":{"coordinates":[[-122.40968,37.79698],[-122.40976,37.79737],[-122.40969,37.79749],[-122.40988,37.79844]],"type":"LineString"},"properties":{"kind":"local street","mtfcc":"S1400","name":"Turk Murphy Ln"},"type":"Feature"},{"geometry":{"coordinates":[[-122.40865,37.79532],[-122.40874,37.79576]],"type":"LineString"},"properties":{"kind":"local street","mtfcc":"S1400","name":"James Pl"},"type":"Feature"},{"geometry":{"coordinates":[[-122.40834,37.79089],[-122.40892,37.79081]],"type":"LineString"},"properties":{"kind":"local street","mtfcc":"S1400","name":"Fella Pl"},"type":"Feature"},{"geometry":{"coordinates":[[-122.40629,37.78551],[-122.40606,37.78576]],"type":"LineString"},"properties":{"kind":"local street","mtfcc":"S1400","name":"Stockton St"},"type":"Feature"},{"geometry":{"coordinates":[[-122.40605,37.7952],[-122.40617,37.7958],[-122.40623,37.79608]],"type":"LineString"},"properties":{"kind":"local street","mtfcc":"S1400","name":"Wentworth St"},"type":"Feature"},{"geometry":{"coordinates":[[-122.40041,37.79545],[-122.40158,37.79531],[-122.40217,37.79523]],"type":"LineString"},"properties":{"kind":"local street","mtfcc":"S1400","name":"Merchant St"},"type":"Feature"},{"geometry":{"coordinates":[[-122.39856,37.78898],[-122.39802,37.78856]],"type":"LineString"},"properties":{"kind":"local street","mtfcc":"S1400","name":"Shaw Aly"},"type":"Feature"},{"geometry":{"coordinates":[[-122.40732,37.79594],[-122.40741,37.79638]],"type":"LineString"},"properties":{"kind":"local street","mtfcc":"S1400","name":"Jason Ct"},"type":"Feature"},{"geometry":{"coordinates":[[-122.40818,37.79261],[-122.40809,37.79218]],"type":"LineString"},"properties":{"kind":"local street","mtfcc":"S1400","name":"Pratt Pl"},"type":"Feature"},{"geometry":{"coordinates":[[-122.4078,37.79588],[-122.40786,37.79619]],"type":"LineString"},"properties":{"kind":"local street","mtfcc":"S1400","name":"Pontiac St"},"type":"Feature"},{"geometry":{"coordinates":[[-122.40318,37.78613],[-122.40479,37.78491],[-122.40515,37.78463],[-122.40535,37.78447],[-122.40539,37.78444]],"type":"LineString"},"properties":{"kind":"local street","mtfcc":"S1400","name":"Jessie St"},"type":"Feature"},{"geometry":{"coordinates":[[-122.40343,37.78764],[-122.40346,37.78778],[-122.40349,37.78796]],"type":"LineString"},"properties":{"kind":"local street","mtfcc":"S1400","name":"Kearny St"},"type":"Feature"},{"geometry":{"coordinates":[[-122.39382,37.79374],[-122.39347,37.79436]],"type":"LineString"},"properties":{"kind":"local street","mtfcc":"S1400","name":"Don Chee Way"},"type":"Feature"},{"geometry":{"coordinates":[[-122.40577,37.79568],[-122.40586,37.79612]],"type":"LineString"},"properties":{"kind":"local street","mtfcc":"S1400","name":"Cooper Aly"},"type":"Feature"},{"geometry":{"coordinates":[[-122.38993,37.79093],[-122.39013,37.79073],[-122.39029,37.79061],[-122.39097,37.79007],[-122.39186,37.78937],[-122.39272,37.78869],[-122.39331,37.78823],[-122.3936,37.788],[-122.39396,37.78771],[-122.39448,37.7873],[-122.39527,37.78668],[-122.39565,37.78638],[-122.39576,37.78629],[-122.39581,37.78625],[-122.39584,37.78623],[-122.3967,37.78554],[-122.39781,37.78467],[-122.39832,37.78426],[-122.39893,37.78379],[-122.40037,37.78265],[-122.40116,37.78202],[-122.40193,37.78142],[-122.40224,37.78117],[-122.40339,37.78026],[-122.40443,37.77944],[-122.40561,37.77851],[-122.40615,37.77808],[-122.40644,37.77786],[-122.40672,37.77763],[-122.40702,37.7774],[-122.40729,37.77718],[-122.40784,37.77675],[-122.40838,37.77632],[-122.40885,37.77595],[-122.40895,37.77587],[-122.40948,37.77545],[-122.41006,37.77499],[-122.41161,37.77377],[-122.41223,37.77329],[-122.41282,37.77281],[-122.41342,37.77234],[-122.41403,37.77186],[-122.41453,37.77141],[-122.415,37.7709],[-122.41531,37.77036],[-122.41556,37.76963],[-122.41558,37.76958],[-122.41559,37.76952],[-122.41561,37.76936],[-122.41561,37.76854],[-122.41546,37.76694],[-122.41531,37.76532],[-122.41528,37.765],[-122.41525,37.7647],[-122.41515,37.7637],[-122.415,37.7621],[-122.41484,37.7605],[-122.41469,37.7589],[-122.41454,37.7573],[-122.41439,37.7557],[-122.41423,37.7541],[-122.41409,37.75251],[-122.41393,37.7509],[-122.41377,37.7493],[-122.41372,37.74884],[-122.41367,37.7483],[-122.41367,37.74826],[-122.41367,37.74822],[-122.41366,37.74816],[-122.41357,37.74717],[-122.41353,37.74677],[-122.41338,37.74515],[-122.41328,37.74415],[-122.41325,37.74388],[-122.41314,37.7438],[-122.41264,37.74375],[-122.4123,37.7436],[-122.41225,37.74358],[-122.41198,37.74367],[-122.41173,37.74367],[-122.41166,37.74365]],"type":"LineString"},"properties":{"kind":"local street","mtfcc":"S1400","name":"Folsom St"},"type":"Feature"},{"geometry":{"coordinates":[[-122.3877,37.7871],[-122.38799,37.7871],[-122.38839,37.7871],[-122.38859,37.78705],[-122.38878,37.7869],[-122.38964,37.78622],[-122.38978,37.78618],[-122.39029,37.78577],[-122.39042,37.78567],[-122.39097,37.78523],[-122.39125,37.78492],[-122.3913,37.78486],[-122.39136,37.7848],[-122.39159,37.78459],[-122.39212,37.78421],[-122.39259,37.78387],[-122.39284,37.78369],[-122.39362,37.78308],[-122.39473,37.7822],[-122.39584,37.78132],[-122.39638,37.78089],[-122.39685,37.78053],[-122.39806,37.77957],[-122.4003,37.7778],[-122.40079,37.77741],[-122.40141,37.77692],[-122.40198,37.77647],[-122.40252,37.77604],[-122.40308,37.7756],[-122.40364,37.77516],[-122.40421,37.7747],[-122.40438,37.77458],[-122.40475,37.77428],[-122.40529,37.77386],[-122.40636,37.77301],[-122.40654,37.77286],[-122.40659,37.77282],[-122.40679,37.77267],[-122.40681,37.77265],[-122.40697,37.77253],[-122.4075,37.7721],[-122.40853,37.77129],[-122.40913,37.77082],[-122.40974,37.77035],[-122.41089,37.76945],[-122.41091,37.76943],[-122.41093,37.76941],[-122.41088,37.76932],[-122.41083,37.76923],[-122.41081,37.76905],[-122.41073,37.76818],[-122.41061,37.7669],[-122.41049,37.76561],[-122.41036,37.76431],[-122.41024,37.76303],[-122.41012,37.76176],[-122.41,37.76049],[-122.40992,37.75957],[-122.40977,37.75919],[-122.40973,37.75911],[-122.40966,37.75849],[-122.40957,37.75773],[-122.40959,37.7576],[-122.40947,37.75608],[-122.40943,37.756],[-122.40935,37.75496],[-122.40925,37.7544],[-122.40924,37.75426],[-122.40927,37.75422],[-122.40913,37.7528],[-122.40898,37.7512],[-122.40882,37.7496],[-122.40871,37.7484],[-122.40871,37.74835],[-122.4087,37.74831],[-122.4087,37.74826],[-122.40866,37.74795]],"type":"LineString"},"properties":{"kind":"local street","mtfcc":"S1400","name":"Bryant St"},"type":"Feature"},{"geometry":{"coordinates":[[-122.4021,37.77392],[-122.40308,37.77471],[-122.40364,37.77516]],"type":"LineString"},"properties":{"kind":"local street","mtfcc":"S1400","name":"Boardman Pl"},"type":"Feature"},{"geometry":{"coordinates":[[-122.40421,37.7747],[-122.40267,37.77347],[-122.40191,37.77287]],"type":"LineString"},"properties":{"kind":"local street","mtfcc":"S1400","name":"Gilbert St"},"type":"Feature"},{"geometry":{"coordinates":[[-122.40644,37.77786],[-122.4049,37.77662]],"type":"LineString"},"properties":{"kind":"local street","mtfcc":"S1400","name":"Columbia Square St"},"type":"Feature"},{"geometry":{"coordinates":[[-122.40885,37.77595],[-122.40828,37.77551],[-122.40807,37.77535]],"type":"LineString"},"properties":{"kind":"local street","mtfcc":"S1400","name":"Hallam St"},"type":"Feature"},{"geometry":{"coordinates":[[-122.39888,37.78222],[-122.39834,37.7818]],"type":"LineString"},"properties":{"kind":"local street","mtfcc":"S1400","name":"Ritch St"},"type":"Feature"},{"geometry":{"coordinates":[[-122.39631,37.7801],[-122.39754,37.77913],[-122.3983,37.77853]],"type":"LineString"},"properties":{"kind":"local street","mtfcc":"S1400","name":"Welsh St"},"type":"Feature"},{"geometry":{"coordinates":[[-122.399,37.77797],[-122.39976,37.77737]],"type":"LineString"},"properties":{"kind":"local street","mtfcc":"S1400","name":"Welsh St"},"type":"Feature"},{"geometry":{"coordinates":[[-122.39638,37.78089],[-122.39484,37.77966],[-122.39407,37.77905],[-122.39329,37.77843]],"type":"LineString"},"properties":{"kind":"local street","mtfcc":"S1400","name":"Ritch St"},"type":"Feature"},{"geometry":{"coordinates":[[-122.39574,37.7777],[-122.39797,37.77594],[-122.40021,37.77419]],"type":"LineString"},"properties":{"kind":"local street","mtfcc":"S1400","name":"Bluxome St"},"type":"Feature"},{"geometry":{"coordinates":[[-122.39473,37.7822],[-122.39441,37.78194],[-122.39409,37.78169]],"type":"LineString"},"properties":{"kind":"local street","mtfcc":"S1400","name":"Jack London Aly"},"type":"Feature"},{"geometry":{"coordinates":[[-122.39381,37.78147],[-122.39352,37.78123],[-122.39319,37.78097]],"type":"LineString"},"properties":{"kind":"local street","mtfcc":"S1400","name":"Jack London Aly"},"type":"Feature"},{"geometry":{"coordinates":[[-122.38964,37.78622],[-122.38967,37.78612],[-122.39021,37.78569],[-122.39033,37.78559],[-122.39083,37.7852],[-122.39115,37.78488],[-122.39114,37.78464],[-122.39086,37.78441],[-122.39057,37.78419],[-122.3905,37.78413],[-122.38985,37.78361],[-122.38891,37.78287]],"type":"LineString"},"properties":{"kind":"local street","mtfcc":"S1400","name":"1st St"},"type":"Feature"},{"geometry":{"coordinates":[[-122.38955,37.78509],[-122.38932,37.78529],[-122.38908,37.78551],[-122.38891,37.78565]],"type":"LineString"},"properties":{"kind":"local street","mtfcc":"S1400","name":"Bryant Ln"},"type":"Feature"},{"geometry":{"coordinates":[[-122.38972,37.77293],[-122.38729,37.77308]],"type":"LineString"},"properties":{"kind":"local street","mtfcc":"S1400","name":"Mission Rock St"},"type":"Feature"},{"geometry":{"coordinates":[[-122.39131,37.78245],[-122.39011,37.78151],[-122.38975,37.78122]],"type":"LineString"},"properties":{"kind":"local street","mtfcc":"S1400","name":"Colin P Kelly Jr St"},"type":"Feature"},{"geometry":{"coordinates":[[-122.38968,37.77994],[-122.39189,37.77817]],"type":"LineString"},"properties":{"kind":"local street","mtfcc":"S1400","name":"Willie Mays Plz"},"type":"Feature"},{"geometry":{"coordinates":[[-122.40028,37.78133],[-122.40025,37.78139],[-122.40023,37.78144],[-122.4002,37.78148],[-122.40015,37.78152],[-122.40008,37.78155],[-122.40004,37.78159],[-122.39999,37.78164]],"type":"LineString"},"properties":{"kind":"local street","mtfcc":"S1400","name":"Helen Macintosh Ln"},"type":"Feature"},{"geometry":{"coordinates":[[-122.38787,37.7721],[-122.38785,37.77194],[-122.3878,37.77122],[-122.3878,37.77118],[-122.38779,37.77103],[-122.38779,37.77089],[-122.38777,37.77076],[-122.38764,37.76958],[-122.38759,37.76901],[-122.38758,37.76894]],"type":"LineString"},"properties":{"kind":"local street","mtfcc":"S1400","name":"Bridgeview Way"},"type":"Feature"},{"geometry":{"coordinates":[[-122.38764,37.77547],[-122.38618,37.77576]],"type":"LineString"},"properties":{"kind":"local street","mtfcc":"S1400","name":"Pier 48"},"type":"Feature"},{"geometry":{"coordinates":[[-122.40869,37.78356],[-122.40898,37.78345],[-122.40908,37.78344],[-122.40911,37.78343],[-122.40925,37.78341],[-122.41076,37.78321],[-122.41241,37.783],[-122.413,37.78293],[-122.41405,37.78279],[-122.41529,37.78264],[-122.41569,37.78258],[-122.41698,37.78242],[-122.41734,37.78238],[-122.41899,37.78217],[-122.42054,37.78197],[-122.42069,37.78196],[-122.42229,37.78175],[-122.42239,37.78173],[-122.42392,37.78154],[-122.4272,37.78112],[-122.42732,37.78111],[-122.42867,37.78094],[-122.43034,37.78073],[-122.43042,37.78072],[-122.43051,37.7807],[-122.43214,37.7805],[-122.43379,37.78029],[-122.43542,37.78008],[-122.43707,37.77987],[-122.43789,37.77976],[-122.43869,37.77967],[-122.43879,37.77965],[-122.4404,37.77944],[-122.44096,37.77936],[-122.44112,37.77937],[-122.44205,37.77924],[-122.4437,37.77904],[-122.44535,37.77884],[-122.44603,37.77875],[-122.44704,37.77862],[-122.44762,37.77855],[-122.448,37.7785],[-122.44888,37.77839],[-122.44922,37.77835],[-122.44977,37.77828],[-122.45065,37.77817],[-122.45087,37.77814],[-122.45154,37.77805],[-122.45243,37.77794],[-122.45255,37.77793],[-122.45338,37.77783],[-122.45433,37.77771],[-122.45522,37.7776],[-122.45605,37.7775],[-122.45686,37.7774],[-122.45834,37.77721],[-122.45858,37.77725]],"type":"LineString"},"properties":{"kind":"local street","mtfcc":"S1400","name":"Turk Blvd"},"type":"Feature"},{"geometry":{"coordinates":[[-122.40055,37.79025],[-122.40074,37.79118],[-122.40093,37.79211],[-122.40113,37.79306],[-122.40122,37.79354],[-122.40131,37.79399],[-122.4014,37.79443],[-122.40149,37.79484],[-122.40158,37.79531],[-122.40168,37.79572],[-122.40185,37.79663],[-122.40191,37.79688],[-122.40204,37.79751],[-122.40219,37.79825],[-122.40223,37.79843],[-122.40242,37.79938],[-122.4026,37.80031],[-122.40279,37.80124],[-122.40288,37.8017],[-122.40297,37.80217],[-122.40316,37.8031],[-122.40335,37.80403],[-122.4035,37.80509],[-122.40349,37.80533]],"type":"LineString"},"properties":{"kind":"local street","mtfcc":"S1400","name":"Sansome St"},"type":"Feature"},{"geometry":{"coordinates":[[-122.40994,37.79046],[-122.41052,37.79039]],"type":"LineString"},"properties":{"kind":"alley","mtfcc":"S1730","name":"Hooker Aly"},"type":"Feature"},{"geometry":{"coordinates":[[-122.40977,37.78666],[-122.40942,37.7867],[-122.40933,37.78625]],"type":"LineString"},"properties":{"kind":"local street","mtfcc":"S1400","name":"Elwood St"},"type":"Feature"},{"geometry":{"coordinates":[[-122.40533,37.79107],[-122.40541,37.79146],[-122.40544,37.79154],[-122.40547,37.7916],[-122.40565,37.79249]],"type":"LineString"},"properties":{"kind":"local street","mtfcc":"S1400","name":"Quincy St"},"type":"Feature"},{"geometry":{"coordinates":[[-122.39527,37.79676],[-122.39556,37.79664],[-122.39584,37.79655],[-122.39649,37.79646],[-122.39696,37.79635],[-122.39792,37.79622],[-122.39815,37.79619],[-122.39864,37.79612],[-122.40049,37.79588],[-122.40111,37.79579]],"type":"LineString"},"properties":{"kind":"local street","mtfcc":"S1400","name":"Hinckle Walk"},"type":"Feature"},{"geometry":{"coordinates":[[-122.40478,37.78563],[-122.40524,37.78527]],"type":"LineString"},"properties":{"kind":"local street","mtfcc":"S1400","name":"Stevenson St"},"type":"Feature"},{"geometry":{"coordinates":[[-122.40656,37.78352],[-122.40669,37.78341],[-122.40702,37.78316]],"type":"LineString"},"properties":{"kind":"local street","mtfcc":"S1400","name":"Jessie St"},"type":"Feature"},{"geometry":{"coordinates":[[-122.3983,37.79175],[-122.39822,37.79168],[-122.39669,37.79046],[-122.39601,37.78992],[-122.39569,37.78966],[-122.39515,37.78923],[-122.39432,37.78858],[-122.3936,37.788],[-122.39299,37.78751],[-122.3928,37.78736],[-122.39205,37.78677]],"type":"LineString"},"properties":{"kind":"local street","mtfcc":"S1400","name":"Fremont St"},"type":"Feature"},{"geometry":{"coordinates":[[-122.4014,37.7893],[-122.40133,37.78923],[-122.40126,37.78917],[-122.40081,37.78881],[-122.40034,37.78844],[-122.3998,37.78801],[-122.39925,37.78758],[-122.39879,37.7872],[-122.39826,37.78678],[-122.3977,37.78634],[-122.39723,37.78596],[-122.3967,37.78554],[-122.3959,37.7849],[-122.39516,37.78431],[-122.39467,37.78392],[-122.39454,37.78381],[-122.39452,37.7838],[-122.3944,37.7837],[-122.39438,37.78369],[-122.39415,37.7835],[-122.39362,37.78308],[-122.3933,37.78282],[-122.39308,37.78265],[-122.39284,37.78246],[-122.39261,37.78227],[-122.39208,37.78185],[-122.39053,37.78061],[-122.38968,37.77994],[-122.38959,37.77986],[-122.38948,37.77977]],"type":"LineString"},"properties":{"kind":"local street","mtfcc":"S1400","name":"2nd St"},"type":"Feature"},{"geometry":{"coordinates":[[-122.39935,37.78997],[-122.39895,37.78966],[-122.39891,37.78963],[-122.39868,37.78945],[-122.39832,37.78918]],"type":"LineString"},"properties":{"kind":"local street","mtfcc":"S1400","name":"Ecker St"},"type":"Feature"},{"geometry":{"coordinates":[[-122.4087,37.79577],[-122.40879,37.79621]],"type":"LineString"},"properties":{"kind":"local street","mtfcc":"S1400","name":"Bedford Pl"},"type":"Feature"},{"geometry":{"coordinates":[[-122.40534,37.78932],[-122.40573,37.78927],[-122.40571,37.78918]],"type":"LineString"},"properties":{"kind":"local street","mtfcc":"S1400","name":"Tillman Pl"},"type":"Feature"},{"geometry":{"coordinates":[[-122.40172,37.79153],[-122.40209,37.79143]],"type":"LineString"},"properties":{"kind":"local street","mtfcc":"S1400","name":"Exchange St"},"type":"Feature"},{"geometry":{"coordinates":[[-122.40194,37.78001],[-122.40209,37.77989],[-122.40252,37.77957]],"type":"LineString"},"properties":{"kind":"local street","mtfcc":"S1400","name":"Scott Aly"},"type":"Feature"},{"geometry":{"coordinates":[[-122.40644,37.77786],[-122.4049,37.77662]],"type":"LineString"},"properties":{"kind":"local street","mtfcc":"S1400","name":"Columbia Sq"},"type":"Feature"},{"geometry":{"coordinates":[[-122.40015,37.78122],[-122.40207,37.7797],[-122.40238,37.77946],[-122.40461,37.7777]],"type":"LineString"},"properties":{"kind":"local street","mtfcc":"S1400","name":"Clara St"},"type":"Feature"},{"geometry":{"coordinates":[[-122.39584,37.77972],[-122.39706,37.77875],[-122.3985,37.77761]],"type":"LineString"},"properties":{"kind":"local street","mtfcc":"S1400","name":"Freelon St"},"type":"Feature"},{"geometry":{"coordinates":[[-122.39743,37.79244],[-122.39734,37.79237],[-122.39581,37.79115],[-122.39515,37.79062],[-122.39428,37.78993],[-122.39346,37.78928],[-122.39272,37.78869],[-122.39199,37.7881],[-122.39162,37.7878],[-122.39118,37.78746],[-122.3903,37.78675],[-122.39018,37.78666],[-122.39016,37.78664],[-122.39014,37.78663],[-122.39008,37.78658],[-122.39007,37.78657],[-122.38996,37.78648],[-122.38964,37.78622],[-122.38941,37.78604],[-122.38891,37.78565],[-122.38851,37.78533]],"type":"LineString"},"properties":{"kind":"local street","mtfcc":"S1400","name":"Beale St"},"type":"Feature"},{"geometry":{"coordinates":[[-122.40787,37.78275],[-122.4077,37.78261],[-122.40716,37.78219]],"type":"LineString"},"properties":{"kind":"local street","mtfcc":"S1400","name":"Mint St"},"type":"Feature"},{"geometry":{"coordinates":[[-122.40606,37.78576],[-122.40785,37.78549],[-122.40867,37.78539],[-122.40878,37.78537],[-122.4095,37.78528],[-122.41114,37.78507],[-122.41184,37.78498],[-122.41221,37.78494],[-122.41278,37.78487],[-122.4129,37.78484],[-122.41337,37.78478],[-122.41375,37.78473],[-122.41394,37.78471],[-122.4143,37.78466],[-122.41443,37.78466],[-122.41478,37.78461],[-122.41607,37.78445],[-122.41771,37.78424],[-122.41936,37.78403],[-122.42093,37.78383],[-122.42107,37.78382],[-122.42265,37.78362],[-122.4243,37.7834],[-122.42727,37.78303],[-122.42758,37.78299],[-122.42871,37.78284],[-122.42882,37.78283]],"type":"LineString"},"properties":{"kind":"local street","mtfcc":"S1400","name":"Ellis St"},"type":"Feature"},{"geometry":{"coordinates":[[-122.40583,37.78574],[-122.40606,37.78576],[-122.40625,37.78583],[-122.4064,37.78661],[-122.40659,37.78757],[-122.40668,37.78803],[-122.40677,37.7885],[-122.40686,37.78899],[-122.40696,37.78943],[-122.40705,37.7899],[-122.40715,37.79037],[-122.40721,37.79066],[-122.40734,37.7913],[-122.40742,37.79167],[-122.40754,37.79225],[-122.40765,37.79278],[-122.40773,37.79318],[-122.4079,37.79406],[-122.40808,37.79494],[-122.40825,37.79582],[-122.40843,37.7967],[-122.40856,37.79733],[-122.40862,37.79763],[-122.40868,37.79795],[-122.40875,37.79828],[-122.40881,37.79857],[-122.40891,37.79904],[-122.40901,37.79949],[-122.40911,37.80001],[-122.40919,37.80045],[-122.40937,37.80137],[-122.40947,37.80185],[-122.40956,37.8023],[-122.40975,37.80324],[-122.40985,37.80372],[-122.40994,37.80417],[-122.41003,37.80463],[-122.41012,37.8051],[-122.41026,37.80579],[-122.41031,37.80603],[-122.4105,37.80696],[-122.41069,37.80789],[-122.41074,37.80814]],"type":"LineString"},"properties":{"kind":"local street","mtfcc":"S1400","name":"Stockton St"},"type":"Feature"},{"geometry":{"coordinates":[[-122.38854,37.78108],[-122.38847,37.78133],[-122.38842,37.7818],[-122.38838,37.78224],[-122.38819,37.78476],[-122.38817,37.78504],[-122.38808,37.78627],[-122.38799,37.7871],[-122.38795,37.78757],[-122.388,37.78795],[-122.38805,37.78817],[-122.3881,37.78835],[-122.38815,37.78853],[-122.38815,37.78855],[-122.38817,37.78858],[-122.3882,37.78869],[-122.38822,37.78874],[-122.38826,37.78886],[-122.38848,37.78926],[-122.38861,37.78948],[-122.38883,37.78969],[-122.39013,37.79073],[-122.3905,37.79104],[-122.39082,37.79143],[-122.39098,37.79172],[-122.3911,37.792],[-122.39122,37.79234],[-122.39143,37.79266],[-122.39223,37.79339],[-122.39258,37.7937],[-122.3928,37.79389],[-122.39306,37.7941],[-122.39326,37.79424],[-122.39347,37.79436],[-122.39355,37.79442],[-122.39387,37.79462],[-122.3942,37.79487],[-122.39432,37.795],[-122.39441,37.79509],[-122.39462,37.79536],[-122.39478,37.79564],[-122.3949,37.79583],[-122.39513,37.79612],[-122.39515,37.79614],[-122.39556,37.79664],[-122.39694,37.79823],[-122.39777,37.79918],[-122.39844,37.79991],[-122.39927,37.80082],[-122.39939,37.80098],[-122.40002,37.8017],[-122.40039,37.80212],[-122.4007,37.80246],[-122.40156,37.80347],[-122.40194,37.80384],[-122.40206,37.80396],[-122.40218,37.80405],[-122.40234,37.80418],[-122.4035,37.80509],[-122.40368,37.80521],[-122.40464,37.80588],[-122.40512,37.80621],[-122.4055,37.80643],[-122.40578,37.80658],[-122.40646,37.80692],[-122.40716,37.80723],[-122.40731,37.80724],[-122.40746,37.80731],[-122.40905,37.80807],[-122.40922,37.8081],[-122.40951,37.80817],[-122.41084,37.80833],[-122.41242,37.80856],[-122.41252,37.80862]],"type":"LineString"},"properties":{"kind":"local street","mtfcc":"S1400","name":"The Embarcadero"},"type":"Feature"},{"geometry":{"coordinates":[[-122.40885,37.79665],[-122.40894,37.7971],[-122.40902,37.79746]],"type":"LineString"},"properties":{"kind":"local street","mtfcc":"S1400","name":"Cordelia St"},"type":"Feature"},{"geometry":{"coordinates":[[-122.40729,37.79414],[-122.40748,37.79502]],"type":"LineString"},"properties":{"kind":"local street","mtfcc":"S1400","name":"Spofford St"},"type":"Feature"},{"geometry":{"coordinates":[[-122.40715,37.79325],[-122.4072,37.79352],[-122.40723,37.79359],[-122.40724,37.79368],[-122.40726,37.79387],[-122.40729,37.79414]],"type":"LineString"},"properties":{"kind":"local street","mtfcc":"S1400","name":"Hangah St"},"type":"Feature"},{"geometry":{"coordinates":[[-122.40729,37.79323],[-122.40733,37.79346]],"type":"LineString"},"properties":{"kind":"local street","mtfcc":"S1400","name":"Pagoda Pl"},"type":"Feature"},{"geometry":{"coordinates":[[-122.40894,37.7863],[-122.40884,37.78584],[-122.40878,37.78568],[-122.40867,37.78539],[-122.40849,37.78445],[-122.40853,37.78435],[-122.4081,37.78402]],"type":"LineString"},"properties":{"kind":"local street","mtfcc":"S1400","name":"Cyril Magnin St"},"type":"Feature"},{"geometry":{"coordinates":[[-122.40635,37.79606],[-122.40653,37.79694]],"type":"LineString"},"properties":{"kind":"local street","mtfcc":"S1400","name":"Beckett St"},"type":"Feature"},{"geometry":{"coordinates":[[-122.40605,37.7952],[-122.40617,37.7958],[-122.40623,37.79608]],"type":"LineString"},"properties":{"kind":"local street","mtfcc":"S1400","name":"Wentworth Pl"},"type":"Feature"},{"geometry":{"coordinates":[[-122.40191,37.79688],[-122.40246,37.79681],[-122.40355,37.79667]],"type":"LineString"},"properties":{"kind":"local street","mtfcc":"S1400","name":"Gold St"},"type":"Feature"},{"geometry":{"coordinates":[[-122.40383,37.79272],[-122.40402,37.79365]],"type":"LineString"},"properties":{"kind":"local street","mtfcc":"S1400","name":"Spring St"},"type":"Feature"},{"geometry":{"coordinates":[[-122.40274,37.7956],[-122.40292,37.79649]],"type":"LineString"},"properties":{"kind":"local street","mtfcc":"S1400","name":"Hotaling Pl"},"type":"Feature"},{"geometry":{"coordinates":[[-122.39527,37.79676],[-122.39556,37.79664],[-122.39584,37.79655],[-122.39649,37.79646],[-122.39696,37.79635],[-122.39792,37.79622],[-122.39815,37.79619],[-122.39864,37.79612],[-122.40049,37.79588],[-122.40111,37.79579]],"type":"LineString"},"properties":{"kind":"local street","mtfcc":"S1400","name":"Hinckley Walk"},"type":"Feature"},{"geometry":{"coordinates":[[-122.40531,37.78916],[-122.40572,37.78911],[-122.4058,37.7891],[-122.40624,37.78907],[-122.40686,37.78899]],"type":"LineString"},"properties":{"kind":"local street","mtfcc":"S1400","name":"Campton Pl"},"type":"Feature"},{"geometry":{"coordinates":[[-122.40756,37.79591],[-122.40765,37.79634]],"type":"LineString"},"properties":{"kind":"local street","mtfcc":"S1400","name":"Duncombe Aly"},"type":"Feature"},{"geometry":{"coordinates":[[-122.40872,37.79396],[-122.40877,37.79452]],"type":"LineString"},"properties":{"kind":"local street","mtfcc":"S1400","name":"Collier St"},"type":"Feature"},{"geometry":{"coordinates":[[-122.40334,37.79036],[-122.40359,37.79033],[-122.40393,37.79029]],"type":"LineString"},"properties":{"kind":"local street","mtfcc":"S1400","name":"Hardie Pl"},"type":"Feature"},{"geometry":{"coordinates":[[-122.40699,37.79553],[-122.40708,37.79597]],"type":"LineString"},"properties":{"kind":"local street","mtfcc":"S1400","name":"Saint Louis Aly"},"type":"Feature"},{"geometry":{"coordinates":[[-122.40407,37.79606],[-122.40436,37.79603],[-122.40458,37.796]],"type":"LineString"},"properties":{"kind":"local street","mtfcc":"S1400","name":"Gibb St"},"type":"Feature"},{"geometry":{"coordinates":[[-122.41101,37.77669],[-122.41,37.77589]],"type":"LineString"},"properties":{"kind":"local street","mtfcc":"S1400","name":"Sumner St"},"type":"Feature"},{"geometry":{"coordinates":[[-122.40266,37.77968],[-122.40222,37.78002],[-122.40211,37.78011]],"type":"LineString"},"properties":{"kind":"alley","mtfcc":"S1730","name":"Jennifer Pl"},"type":"Feature"},{"geometry":{"coordinates":[[-122.40308,37.77471],[-122.40329,37.77454]],"type":"LineString"},"properties":{"kind":"local street","mtfcc":"S1400","name":"Fargo Pl"},"type":"Feature"},{"geometry":{"coordinates":[[-122.39927,37.78528],[-122.39933,37.78522],[-122.39989,37.78456]],"type":"LineString"},"properties":{"kind":"local street","mtfcc":"S1400","name":"Tehama St"},"type":"Feature"},{"geometry":{"coordinates":[[-122.40831,37.77479],[-122.40906,37.77419]],"type":"LineString"},"properties":{"kind":"local street","mtfcc":"S1400","name":"Heron St"},"type":"Feature"},{"geometry":{"coordinates":[[-122.40581,37.77034],[-122.40601,37.77083],[-122.40627,37.77134],[-122.40652,37.77187],[-122.40668,37.77229],[-122.40679,37.7726],[-122.40679,37.77267],[-122.40682,37.77343],[-122.40676,37.77398],[-122.40672,37.77409],[-122.40666,37.77427],[-122.40655,37.77459],[-122.40644,37.77478],[-122.40629,37.77502],[-122.40605,37.77531],[-122.40604,37.77532],[-122.40559,37.77577],[-122.40512,37.77607],[-122.40429,37.77658],[-122.40367,37.77696],[-122.40306,37.77733],[-122.40299,37.77738],[-122.40245,37.77774],[-122.40217,37.77793],[-122.40184,37.77817],[-122.4013,37.7786],[-122.40077,37.77901],[-122.40014,37.7795],[-122.399,37.7803],[-122.39871,37.7805],[-122.39676,37.78201],[-122.39673,37.78203],[-122.39551,37.78307],[-122.39454,37.78381],[-122.39371,37.78446],[-122.39345,37.78462],[-122.39294,37.78491],[-122.39225,37.78523],[-122.39211,37.7853],[-122.392,37.78536],[-122.39186,37.78544],[-122.39183,37.78546],[-122.39175,37.78551],[-122.39166,37.78556],[-122.39164,37.78557],[-122.39147,37.78568],[-122.39144,37.7857],[-122.39112,37.78593],[-122.3908,37.78617],[-122.39018,37.78666]],"type":"LineString"},"properties":{"kind":"primary road","mtfcc":"S1100","name":"James Lick Fwy"},"type":"Feature"},{"geometry":{"coordinates":[[-122.40581,37.77034],[-122.40601,37.77083],[-122.40627,37.77134],[-122.40652,37.77187],[-122.40668,37.77229],[-122.40679,37.7726],[-122.40679,37.77267],[-122.40682,37.77343],[-122.40676,37.77398],[-122.40672,37.77409],[-122.40666,37.77427],[-122.40655,37.77459],[-122.40644,37.77478],[-122.40629,37.77502],[-122.40605,37.77531],[-122.40604,37.77532],[-122.40559,37.77577],[-122.40512,37.77607],[-122.40429,37.77658],[-122.40367,37.77696],[-122.40306,37.77733],[-122.40299,37.77738],[-122.40245,37.77774],[-122.40217,37.77793],[-122.40184,37.77817],[-122.4013,37.7786],[-122.40077,37.77901],[-122.40014,37.7795],[-122.399,37.7803],[-122.39871,37.7805],[-122.39676,37.78201],[-122.39673,37.78203],[-122.39551,37.78307],[-122.39454,37.78381],[-122.39371,37.78446],[-122.39345,37.78462],[-122.39294,37.78491],[-122.39225,37.78523],[-122.39211,37.7853],[-122.392,37.78536],[-122.39186,37.78544],[-122.39183,37.78546],[-122.39175,37.78551],[-122.39166,37.78556],[-122.39164,37.78557],[-122.39147,37.78568],[-122.39144,37.7857],[-122.39112,37.78593],[-122.3908,37.78617],[-122.39018,37.78666]],"type":"LineString"},"properties":{"kind":"primary road","mtfcc":"S1100","name":"I- 80"},"type":"Feature"},{"geometry":{"coordinates":[[-122.40828,37.77551],[-122.40872,37.77517]],"type":"LineString"},"properties":{"kind":"local street","mtfcc":"S1400","name":"Brush Pl"},"type":"Feature"},{"geometry":{"coordinates":[[-122.40647,37.77696],[-122.40729,37.77631]],"type":"LineString"},"properties":{"kind":"local street","mtfcc":"S1400","name":"Cleveland St"},"type":"Feature"},{"geometry":{"coordinates":[[-122.40808,37.77257],[-122.40799,37.77249],[-122.4075,37.7721]],"type":"LineString"},"properties":{"kind":"local street","mtfcc":"S1400","name":"Converse St"},"type":"Feature"},{"geometry":{"coordinates":[[-122.39935,37.7826],[-122.39983,37.78221],[-122.40027,37.78187]],"type":"LineString"},"properties":{"kind":"local street","mtfcc":"S1400","name":"Bonifacio St"},"type":"Feature"},{"geometry":{"coordinates":[[-122.40184,37.77952],[-122.40207,37.7797]],"type":"LineString"},"properties":{"kind":"alley","mtfcc":"S1730","name":"Hulbert Aly"},"type":"Feature"},{"geometry":{"coordinates":[[-122.4054,37.77037],[-122.40563,37.77082],[-122.40578,37.77102],[-122.406,37.77134],[-122.40631,37.77187],[-122.40638,37.77206],[-122.40649,37.77235],[-122.40654,37.77266],[-122.40654,37.77286],[-122.40651,37.773],[-122.4065,37.77348],[-122.40638,37.77382],[-122.40636,37.77388],[-122.40627,37.77414],[-122.40607,37.77449],[-122.40599,37.77462],[-122.4057,37.77504],[-122.40564,37.77512],[-122.40504,37.77573],[-122.40424,37.77642],[-122.40415,37.77647],[-122.40351,37.77682],[-122.40295,37.77713],[-122.40286,37.77717],[-122.40217,37.77752],[-122.40195,37.77763],[-122.40148,37.77788],[-122.40099,37.77814],[-122.40086,37.77824],[-122.40031,37.77869],[-122.39868,37.78001],[-122.39866,37.78003],[-122.39811,37.78047],[-122.39794,37.78061],[-122.39658,37.78185],[-122.39655,37.78188],[-122.39603,37.78235],[-122.39553,37.78273],[-122.39513,37.7831],[-122.3944,37.7837],[-122.39349,37.7844],[-122.39344,37.78443],[-122.39338,37.78448],[-122.39289,37.78479],[-122.39281,37.78484],[-122.39194,37.7853],[-122.3917,37.78543],[-122.39157,37.78551],[-122.3914,37.7856],[-122.39117,37.78576],[-122.39096,37.78592],[-122.39064,37.78619],[-122.3904,37.78645],[-122.39018,37.78666]],"type":"LineString"},"properties":{"kind":"primary road","mtfcc":"S1100","name":"I- 80"},"type":"Feature"},{"geometry":{"coordinates":[[-122.40353,37.7777],[-122.40306,37.77733],[-122.40286,37.77717],[-122.40198,37.77647],[-122.40105,37.77574]],"type":"LineString"},"properties":{"kind":"local street","mtfcc":"S1400","name":"Morris St"},"type":"Feature"},{"geometry":{"coordinates":[[-122.3933,37.78282],[-122.39441,37.78194],[-122.39552,37.78106]],"type":"LineString"},"properties":{"kind":"alley","mtfcc":"S1730","name":"Taber Aly"},"type":"Feature"},{"geometry":{"coordinates":[[-122.40883,37.77842],[-122.40729,37.77718]],"type":"LineString"},"properties":{"kind":"local street","mtfcc":"S1400","name":"Moss St"},"type":"Feature"},{"geometry":{"coordinates":[[-122.39229,37.78327],[-122.39308,37.78265]],"type":"LineString"},"properties":{"kind":"local street","mtfcc":"S1400","name":"Federal St"},"type":"Feature"},{"geometry":{"coordinates":[[-122.39381,37.78147],[-122.39352,37.78123],[-122.39319,37.78097]],"type":"LineString"},"properties":{"kind":"local street","mtfcc":"S1400","name":"Center St"},"type":"Feature"},{"geometry":{"coordinates":[[-122.39261,37.78142],[-122.39106,37.78018]],"type":"LineString"},"properties":{"kind":"local street","mtfcc":"S1400","name":"Stanford St"},"type":"Feature"},{"geometry":{"coordinates":[[-122.3916,37.78382],[-122.39203,37.78417],[-122.39212,37.78421],[-122.39221,37.78428],[-122.39225,37.78431],[-122.39256,37.78455],[-122.3926,37.78459]],"type":"LineString"},"properties":{"kind":"local street","mtfcc":"S1400","name":"Rincon Aly"},"type":"Feature"},{"geometry":{"coordinates":[[-122.39528,37.78841],[-122.39512,37.78828]],"type":"LineString"},"properties":{"kind":"local street","mtfcc":"S1400","name":"Sloan Aly"},"type":"Feature"},{"geometry":{"coordinates":[[-122.39849,37.77173],[-122.39857,37.77189],[-122.39858,37.77197],[-122.39857,37.7722],[-122.39853,37.77238],[-122.39849,37.77246],[-122.39846,37.77255],[-122.39839,37.77266],[-122.39835,37.77271],[-122.3983,37.77279],[-122.39799,37.7733],[-122.39796,37.77334],[-122.39777,37.77362]],"type":"LineString"},"properties":{"kind":"local street","mtfcc":"S1400","name":"King St"},"type":"Feature"},{"geometry":{"coordinates":[[-122.39331,37.78823],[-122.39271,37.78775]],"type":"LineString"},"properties":{"kind":"local street","mtfcc":"S1400","name":"Zeno Pl"},"type":"Feature"},{"geometry":{"coordinates":[[-122.41761,37.7766],[-122.41751,37.77653],[-122.41738,37.77645],[-122.41692,37.77608],[-122.41652,37.77576],[-122.41644,37.7757],[-122.41591,37.77527],[-122.41537,37.77484],[-122.41491,37.77448],[-122.41437,37.77404],[-122.41376,37.77356],[-122.41282,37.77281],[-122.4119,37.77207],[-122.41128,37.77158],[-122.40974,37.77035],[-122.40904,37.76979],[-122.40844,37.76932],[-122.40801,37.76924]],"type":"LineString"},"properties":{"kind":"local street","mtfcc":"S1400","name":"10th St"},"type":"Feature"},{"geometry":{"coordinates":[[-122.39241,37.79381],[-122.39258,37.7937],[-122.39318,37.79323],[-122.39406,37.79254],[-122.39494,37.79184],[-122.39581,37.79115],[-122.39669,37.79046],[-122.39757,37.78976],[-122.39832,37.78918],[-122.39856,37.78898],[-122.39936,37.78835],[-122.3998,37.78801],[-122.4005,37.78745],[-122.40126,37.78685],[-122.40202,37.78625],[-122.40229,37.78604],[-122.40427,37.78448],[-122.40462,37.7842],[-122.40488,37.784],[-122.40604,37.78308],[-122.40616,37.78298],[-122.40648,37.78273],[-122.40716,37.78219],[-122.40726,37.78212],[-122.40871,37.78097],[-122.40984,37.78008],[-122.41094,37.77921],[-122.41155,37.77873],[-122.41219,37.77822],[-122.41241,37.77804],[-122.41248,37.77799],[-122.41263,37.77787],[-122.41316,37.77746],[-122.41411,37.77671],[-122.41471,37.77623],[-122.41513,37.77589],[-122.41549,37.77561],[-122.41591,37.77527],[-122.4171,37.77432]],"type":"LineString"},"properties":{"kind":"local street","mtfcc":"S1400","name":"Mission St"},"type":"Feature"},{"geometry":{"coordinates":[[-122.4055,37.79008],[-122.40542,37.7901],[-122.40491,37.79017],[-122.40467,37.7902]],"type":"LineString"},"properties":{"kind":"local street","mtfcc":"S1400","name":"Harlin Pl"},"type":"Feature"},{"geometry":{"coordinates":[[-122.40467,37.7902],[-122.40477,37.79067]],"type":"LineString"},"properties":{"kind":"local street","mtfcc":"S1400","name":"Mark Ln"},"type":"Feature"},{"geometry":{"coordinates":[[-122.41034,37.78225],[-122.41025,37.78219],[-122.41017,37.78213],[-122.41007,37.78205],[-122.40969,37.78175],[-122.40924,37.7814],[-122.40871,37.78097],[-122.40816,37.78054],[-122.40769,37.78016],[-122.40716,37.77974],[-122.40663,37.77931],[-122.40616,37.77894],[-122.40561,37.77851],[-122.40507,37.77807],[-122.40461,37.7777],[-122.40407,37.77727],[-122.40367,37.77696],[-122.40351,37.77682],[-122.40337,37.77672],[-122.40252,37.77604],[-122.40098,37.77481]],"type":"LineString"},"properties":{"kind":"local street","mtfcc":"S1400","name":"6th St"},"type":"Feature"},{"geometry":{"coordinates":[[-122.40718,37.78329],[-122.40787,37.78275]],"type":"LineString"},"properties":{"kind":"local street","mtfcc":"S1400","name":"Jessie St"},"type":"Feature"},{"geometry":{"coordinates":[[-122.40547,37.78193],[-122.40625,37.78131],[-122.40769,37.78016],[-122.40881,37.77929],[-122.40994,37.77842],[-122.41216,37.77666],[-122.41372,37.77544]],"type":"LineString"},"properties":{"kind":"local street","mtfcc":"S1400","name":"Natoma St"},"type":"Feature"},{"geometry":{"coordinates":[[-122.39598,37.79562],[-122.39677,37.79547],[-122.39798,37.79531],[-122.39915,37.79516],[-122.40033,37.79501],[-122.40046,37.79496],[-122.40138,37.79485],[-122.40149,37.79484],[-122.40237,37.79477],[-122.40314,37.79467],[-122.4048,37.79445],[-122.40566,37.79434],[-122.40631,37.79426],[-122.40682,37.7942],[-122.40729,37.79414],[-122.4079,37.79406],[-122.40872,37.79396],[-122.40919,37.7939],[-122.40954,37.79385],[-122.4099,37.79381],[-122.40994,37.7938],[-122.41036,37.79375],[-122.4106,37.79372],[-122.41119,37.79364],[-122.41152,37.7936],[-122.41211,37.79353],[-122.41283,37.79343],[-122.41326,37.79338],[-122.41354,37.79334],[-122.41404,37.79328],[-122.41447,37.79322],[-122.41505,37.79315],[-122.41526,37.79312],[-122.41553,37.79309],[-122.41611,37.79301],[-122.41644,37.79297],[-122.41776,37.7928],[-122.41886,37.79266],[-122.4194,37.79259],[-122.42105,37.79238],[-122.42258,37.79219],[-122.4228,37.79216],[-122.42434,37.79196],[-122.42598,37.79176]],"type":"LineString"},"properties":{"kind":"local street","mtfcc":"S1400","name":"Clay St"},"type":"Feature"},{"geometry":{"coordinates":[[-122.39639,37.79366],[-122.39761,37.79351],[-122.39878,37.79336],[-122.39996,37.79321],[-122.40113,37.79306],[-122.40196,37.79295],[-122.40277,37.79285],[-122.40383,37.79272],[-122.40442,37.79264],[-122.40565,37.79249],[-122.40594,37.79245],[-122.40672,37.79235],[-122.40751,37.79225],[-122.40754,37.79225],[-122.40809,37.79218],[-122.40836,37.79214],[-122.40886,37.79208],[-122.40917,37.79204],[-122.41082,37.79183],[-122.4111,37.7918],[-122.41171,37.79172],[-122.41246,37.79163],[-122.41411,37.79142],[-122.41575,37.79121],[-122.4161,37.79116],[-122.41651,37.7911],[-122.41739,37.79097],[-122.41904,37.79079],[-122.42069,37.79058],[-122.4222,37.79039],[-122.42242,37.79036],[-122.42397,37.79016],[-122.42562,37.78995],[-122.42726,37.78974],[-122.42891,37.78953],[-122.43055,37.78932],[-122.4322,37.78912],[-122.43302,37.78901],[-122.43384,37.78891],[-122.43549,37.7887],[-122.43713,37.78849],[-122.43877,37.78828],[-122.44032,37.78808],[-122.44039,37.78807],[-122.44044,37.78807],[-122.44049,37.78806],[-122.44211,37.78786],[-122.44375,37.78765],[-122.4454,37.78744],[-122.44679,37.78726],[-122.44847,37.78705],[-122.45012,37.78684],[-122.45023,37.78682],[-122.45176,37.78662],[-122.45329,37.78643],[-122.45341,37.78642],[-122.45477,37.78624],[-122.45505,37.78621],[-122.45587,37.7861],[-122.45668,37.786],[-122.45696,37.78596],[-122.45806,37.78582],[-122.45918,37.78568],[-122.46031,37.78554],[-122.46137,37.7854],[-122.46244,37.78527],[-122.4635,37.78513],[-122.46457,37.78499],[-122.46563,37.78485]],"type":"LineString"},"properties":{"kind":"local street","mtfcc":"S1400","name":"California St"},"type":"Feature"},{"geometry":{"coordinates":[[-122.402,37.7891],[-122.40263,37.78902],[-122.40366,37.78889],[-122.40434,37.78881],[-122.40522,37.78869],[-122.40677,37.7885],[-122.4084,37.78829],[-122.41006,37.78808],[-122.4117,37.78787],[-122.41234,37.78779],[-122.41253,37.78777],[-122.41274,37.78774],[-122.41335,37.78766],[-122.415,37.78745],[-122.41664,37.78724],[-122.41699,37.7872],[-122.41827,37.78704],[-122.41993,37.78683],[-122.42146,37.78663],[-122.42167,37.78661],[-122.42321,37.7864],[-122.42486,37.7862],[-122.42625,37.78602],[-122.42815,37.78578],[-122.42978,37.78556],[-122.43128,37.78538],[-122.43137,37.78537],[-122.43145,37.78536],[-122.43308,37.78515],[-122.4339,37.78505],[-122.43473,37.78494],[-122.43637,37.78474],[-122.43802,37.78453],[-122.43956,37.78433],[-122.43964,37.78433],[-122.43968,37.78432],[-122.43973,37.78431],[-122.44015,37.78426],[-122.44135,37.78411],[-122.44299,37.7839],[-122.44464,37.78369],[-122.44603,37.78351]],"type":"LineString"},"properties":{"kind":"local street","mtfcc":"S1400","name":"Post St"},"type":"Feature"},{"geometry":{"coordinates":[[-122.40485,37.78681],[-122.40504,37.78777],[-122.40513,37.78823],[-122.40522,37.78869],[-122.40529,37.78908],[-122.40531,37.78916],[-122.40534,37.78932],[-122.4054,37.78963],[-122.4055,37.79008],[-122.40558,37.79046],[-122.40557,37.79057],[-122.40557,37.79066],[-122.40574,37.7915],[-122.4058,37.79178],[-122.40594,37.79245],[-122.40613,37.79338],[-122.40622,37.79383],[-122.40631,37.79426],[-122.40648,37.79514],[-122.40657,37.79559],[-122.4066,37.79577],[-122.40665,37.79603],[-122.40683,37.7969],[-122.40694,37.79747],[-122.40702,37.79782],[-122.40703,37.7979],[-122.40708,37.79815],[-122.40715,37.79849],[-122.40721,37.79878],[-122.40739,37.7997],[-122.40758,37.80064],[-122.40765,37.80094],[-122.40774,37.8014],[-122.40777,37.80157],[-122.4079,37.8022],[-122.4079,37.80222],[-122.40796,37.8025],[-122.40803,37.80286],[-122.40807,37.80309],[-122.40815,37.80343],[-122.40824,37.80393],[-122.40833,37.80437],[-122.40843,37.80483],[-122.40852,37.8053],[-122.4086,37.8057]],"type":"LineString"},"properties":{"kind":"local street","mtfcc":"S1400","name":"Grant Ave"},"type":"Feature"},{"geometry":{"coordinates":[[-122.40762,37.7968],[-122.40769,37.79713]],"type":"LineString"},"properties":{"kind":"local street","mtfcc":"S1400","name":"Pelton Pl"},"type":"Feature"},{"geometry":{"coordinates":[[-122.40999,37.79606],[-122.41163,37.79585]],"type":"LineString"},"properties":{"kind":"local street","mtfcc":"S1400","name":"John St"},"type":"Feature"},{"geometry":{"coordinates":[[-122.40916,37.79481],[-122.40934,37.79569]],"type":"LineString"},"properties":{"kind":"local street","mtfcc":"S1400","name":"Stone St"},"type":"Feature"},{"geometry":{"coordinates":[[-122.40816,37.79119],[-122.40819,37.79128],[-122.40836,37.79214],[-122.40837,37.79223],[-122.40855,37.79307],[-122.40872,37.79396]],"type":"LineString"},"properties":{"kind":"local street","mtfcc":"S1400","name":"Joice St"},"type":"Feature"},{"geometry":{"coordinates":[[-122.40993,37.78743],[-122.41052,37.78735]],"type":"LineString"},"properties":{"kind":"local street","mtfcc":"S1400","name":"Derby St"},"type":"Feature"},{"geometry":{"coordinates":[[-122.39951,37.7908],[-122.39959,37.79122],[-122.39957,37.79133],[-122.39976,37.79226],[-122.39996,37.79321],[-122.40006,37.79369],[-122.40015,37.79413],[-122.40024,37.79458],[-122.40033,37.79501],[-122.40041,37.79545],[-122.40049,37.79588],[-122.40068,37.79678],[-122.40086,37.79765],[-122.40101,37.79839],[-122.40105,37.79858],[-122.40124,37.79953],[-122.40143,37.80046],[-122.40152,37.80092],[-122.40162,37.80138],[-122.40179,37.80231],[-122.40198,37.80324],[-122.40212,37.80388],[-122.40206,37.80396],[-122.40188,37.80416]],"type":"LineString"},"properties":{"kind":"local street","mtfcc":"S1400","name":"Battery St"},"type":"Feature"},{"geometry":{"coordinates":[[-122.4024,37.79655],[-122.40246,37.79681]],"type":"LineString"},"properties":{"kind":"local street","mtfcc":"S1400","name":"Balance St"},"type":"Feature"},{"geometry":{"coordinates":[[-122.40111,37.79579],[-122.40129,37.7967]],"type":"LineString"},"properties":{"kind":"local street","mtfcc":"S1400","name":"Custom House Pl"},"type":"Feature"},{"geometry":{"coordinates":[[-122.40284,37.78805],[-122.40229,37.78762],[-122.40187,37.78728],[-122.40183,37.78727],[-122.40178,37.78726],[-122.40157,37.7871],[-122.40126,37.78685]],"type":"LineString"},"properties":{"kind":"local street","mtfcc":"S1400","name":"Annie St"},"type":"Feature"},{"geometry":{"coordinates":[[-122.39475,37.79448],[-122.39382,37.79374],[-122.39318,37.79323],[-122.39165,37.79201],[-122.39124,37.79167],[-122.39118,37.79163]],"type":"LineString"},"properties":{"kind":"local street","mtfcc":"S1400","name":"Steuart St"},"type":"Feature"},{"geometry":{"coordinates":[[-122.40919,37.7939],[-122.40928,37.79434]],"type":"LineString"},"properties":{"kind":"local street","mtfcc":"S1400","name":"Parkhurst Aly"},"type":"Feature"},{"geometry":{"coordinates":[[-122.40901,37.79301],[-122.4091,37.79346]],"type":"LineString"},"properties":{"kind":"local street","mtfcc":"S1400","name":"Miller Pl"},"type":"Feature"},{"geometry":{"coordinates":[[-122.40633,37.79047],[-122.40643,37.79093]],"type":"LineString"},"properties":{"kind":"local street","mtfcc":"S1400","name":"Chatham Pl"},"type":"Feature"},{"geometry":{"coordinates":[[-122.4073,37.79286],[-122.40737,37.79322]],"type":"LineString"},"properties":{"kind":"local street","mtfcc":"S1400","name":"Brooklyn Pl"},"type":"Feature"},{"geometry":{"coordinates":[[-122.39868,37.78945],[-122.39794,37.79005]],"type":"LineString"},"properties":{"kind":"local street","mtfcc":"S1400","name":"Elim St"},"type":"Feature"},{"geometry":{"coordinates":[[-122.40209,37.79143],[-122.4022,37.79195]],"type":"LineString"},"properties":{"kind":"local street","mtfcc":"S1400","name":"Petrarch Pl"},"type":"Feature"},{"geometry":{"coordinates":[[-122.40699,37.79553],[-122.40708,37.79597]],"type":"LineString"},"properties":{"kind":"local street","mtfcc":"S1400","name":"Saint Louis Pl"},"type":"Feature"},{"geometry":{"coordinates":[[-122.40407,37.79606],[-122.40418,37.79599],[-122.40414,37.7958],[-122.40465,37.79574]],"type":"LineString"},"properties":{"kind":"local street","mtfcc":"S1400","name":"Ils Ln"},"type":"Feature"},{"geometry":{"coordinates":[[-122.40205,37.77397],[-122.40129,37.77336]],"type":"LineString"},"properties":{"kind":"local street","mtfcc":"S1400","name":"Lucerne St"},"type":"Feature"},{"geometry":{"coordinates":[[-122.39454,37.77674],[-122.39482,37.77652],[-122.39677,37.77498]],"type":"LineString"},"properties":{"kind":"local street","mtfcc":"S1400","name":"Jewett St"},"type":"Feature"},{"geometry":{"coordinates":[[-122.40296,37.77815],[-122.40245,37.77774],[-122.40217,37.77752],[-122.40141,37.77692]],"type":"LineString"},"properties":{"kind":"local street","mtfcc":"S1400","name":"Oak Grove St"},"type":"Feature"},{"geometry":{"coordinates":[[-122.39888,37.78222],[-122.3998,37.7815]],"type":"LineString"},"properties":{"kind":"local street","mtfcc":"S1400","name":"Rizal St"},"type":"Feature"},{"geometry":{"coordinates":[[-122.39935,37.7826],[-122.39888,37.78222],[-122.39834,37.7818]],"type":"LineString"},"properties":{"kind":"local street","mtfcc":"S1400","name":"Lapu Lapu St"},"type":"Feature"},{"geometry":{"coordinates":[[-122.39685,37.78053],[-122.39631,37.7801],[-122.39584,37.77972],[-122.3953,37.7793]],"type":"LineString"},"properties":{"kind":"local street","mtfcc":"S1400","name":"Zoe St"},"type":"Feature"},{"geometry":{"coordinates":[[-122.3933,37.78282],[-122.39441,37.78194],[-122.39552,37.78106]],"type":"LineString"},"properties":{"kind":"alley","mtfcc":"S1730","name":"Taber Pl"},"type":"Feature"},{"geometry":{"coordinates":[[-122.39191,37.78283],[-122.39261,37.78227]],"type":"LineString"},"properties":{"kind":"local street","mtfcc":"S1400","name":"De Boom St"},"type":"Feature"},{"geometry":{"coordinates":[[-122.38948,37.77977],[-122.39171,37.77802]],"type":"LineString"},"properties":{"kind":"local street","mtfcc":"S1400","name":"Willie Mays Plz"},"type":"Feature"},{"geometry":{"coordinates":[[-122.3959,37.7849],[-122.39666,37.7843]],"type":"LineString"},"properties":{"kind":"local street","mtfcc":"S1400","name":"Dow Pl"},"type":"Feature"},{"geometry":{"coordinates":[[-122.39501,37.78772],[-122.39509,37.78766],[-122.39579,37.7871],[-122.39602,37.78692],[-122.39622,37.78676],[-122.39633,37.78668],[-122.39636,37.78665],[-122.39644,37.78659],[-122.39723,37.78596]],"type":"LineString"},"properties":{"kind":"local street","mtfcc":"S1400","name":"Clementina St"},"type":"Feature"},{"geometry":{"coordinates":[[-122.39064,37.7921],[-122.39056,37.79196],[-122.39038,37.79156],[-122.39016,37.79122],[-122.39001,37.79104],[-122.38993,37.79093],[-122.38982,37.79082],[-122.38848,37.78975],[-122.38839,37.78965],[-122.38829,37.78954],[-122.38803,37.78913],[-122.38797,37.78899],[-122.38793,37.78891],[-122.38789,37.7888],[-122.38787,37.78872],[-122.38774,37.78826],[-122.38772,37.78804],[-122.38766,37.78731],[-122.38767,37.78717],[-122.3877,37.7871]],"type":"LineString"},"properties":{"kind":"local street","mtfcc":"S1400","name":"Embarcadero South St"},"type":"Feature"},{"geometry":{"coordinates":[[-122.38842,37.7818],[-122.38847,37.78133],[-122.38854,37.78108]],"type":"LineString"},"properties":{"kind":"local street","mtfcc":"S1400","name":"Embarcadero South St"},"type":"Feature"},{"geometry":{"coordinates":[[-122.39793,37.78704],[-122.39738,37.78659]],"type":"LineString"},"properties":{"kind":"local street","mtfcc":"S1400","name":"Malden Aly"},"type":"Feature"},{"geometry":{"coordinates":[[-122.39308,37.77221],[-122.39363,37.77177],[-122.39444,37.77112],[-122.39452,37.77106],[-122.39457,37.77098],[-122.39457,37.77096],[-122.39458,37.77091],[-122.39458,37.77082]],"type":"LineString"},"properties":{"kind":"local street","mtfcc":"S1400","name":"Long Bridge St"},"type":"Feature"},{"geometry":{"coordinates":[[-122.40869,37.78356],[-122.40898,37.78345],[-122.40908,37.78344],[-122.40911,37.78343],[-122.40925,37.78341],[-122.41076,37.78321],[-122.41241,37.783],[-122.413,37.78293],[-122.41405,37.78279],[-122.41529,37.78264],[-122.41569,37.78258],[-122.41698,37.78242],[-122.41734,37.78238],[-122.41899,37.78217],[-122.42054,37.78197],[-122.42069,37.78196],[-122.42229,37.78175],[-122.42239,37.78173],[-122.42392,37.78154],[-122.4272,37.78112],[-122.42732,37.78111],[-122.42867,37.78094],[-122.43034,37.78073],[-122.43042,37.78072],[-122.43051,37.7807],[-122.43214,37.7805],[-122.43379,37.78029],[-122.43542,37.78008],[-122.43707,37.77987],[-122.43789,37.77976],[-122.43869,37.77967],[-122.43879,37.77965],[-122.4404,37.77944],[-122.44096,37.77936],[-122.44112,37.77937],[-122.44205,37.77924],[-122.4437,37.77904],[-122.44535,37.77884],[-122.44603,37.77875],[-122.44704,37.77862],[-122.44762,37.77855],[-122.448,37.7785],[-122.44888,37.77839],[-122.44922,37.77835],[-122.44977,37.77828],[-122.45065,37.77817],[-122.45087,37.77814],[-122.45154,37.77805],[-122.45243,37.77794],[-122.45255,37.77793],[-122.45338,37.77783],[-122.45433,37.77771],[-122.45522,37.7776],[-122.45605,37.7775],[-122.45686,37.7774],[-122.45834,37.77721],[-122.45858,37.77725]],"type":"LineString"},"properties":{"kind":"local street","mtfcc":"S1400","name":"Turk St"},"type":"Feature"},{"geometry":{"coordinates":[[-122.3992,37.79106],[-122.39949,37.79133],[-122.39957,37.79133],[-122.40074,37.79118],[-122.40113,37.79113],[-122.40201,37.79102],[-122.40238,37.79097],[-122.40272,37.79093],[-122.40367,37.7908],[-122.40403,37.79076],[-122.40433,37.79072],[-122.4044,37.79071],[-122.40477,37.79067],[-122.40527,37.7906],[-122.40557,37.79057],[-122.40633,37.79047],[-122.40713,37.79037],[-122.40715,37.79037],[-122.4075,37.79032],[-122.40787,37.79028],[-122.40797,37.79026],[-122.40879,37.79016],[-122.41043,37.78995],[-122.41208,37.78974],[-122.41219,37.78973],[-122.41373,37.78953],[-122.41449,37.78943],[-122.41491,37.78938],[-122.41507,37.78936],[-122.41537,37.78932],[-122.41576,37.78927],[-122.41601,37.78924],[-122.41618,37.78922],[-122.41631,37.7892],[-122.41702,37.78911],[-122.41765,37.78903],[-122.41866,37.78891],[-122.42031,37.7887],[-122.42185,37.7885],[-122.42208,37.78847],[-122.42359,37.78828],[-122.42524,37.78807],[-122.42687,37.78786],[-122.42852,37.78765],[-122.43017,37.78744],[-122.43181,37.78723],[-122.43246,37.78715],[-122.43346,37.78702],[-122.43511,37.78681],[-122.43675,37.7866],[-122.43839,37.78639],[-122.43994,37.7862],[-122.44002,37.78619],[-122.44006,37.78618],[-122.44011,37.78617],[-122.44173,37.78597],[-122.44337,37.78576],[-122.44502,37.78555],[-122.44642,37.78537]],"type":"LineString"},"properties":{"kind":"local street","mtfcc":"S1400","name":"Bush St"},"type":"Feature"},{"geometry":{"coordinates":[[-122.42866,37.76774],[-122.42863,37.76785],[-122.42746,37.76877],[-122.42695,37.76917],[-122.42655,37.76949],[-122.4264,37.7696],[-122.42493,37.77078],[-122.42366,37.77178],[-122.42363,37.77181],[-122.42352,37.7719],[-122.4234,37.77197],[-122.42327,37.77206],[-122.42262,37.7725],[-122.42219,37.77291],[-122.42199,37.77307],[-122.42192,37.77312],[-122.42132,37.77359],[-122.42109,37.77378],[-122.42071,37.77408],[-122.42025,37.77436],[-122.42018,37.77446],[-122.41968,37.77487],[-122.41933,37.77521],[-122.41931,37.77523],[-122.41922,37.77532],[-122.4187,37.77564],[-122.41761,37.7766],[-122.41629,37.77749],[-122.41626,37.77757],[-122.41601,37.77777],[-122.41483,37.7787],[-122.41478,37.77874],[-122.41472,37.77879],[-122.41336,37.77986],[-122.41261,37.78046],[-122.41255,37.78051],[-122.41249,37.78055],[-122.41199,37.78095],[-122.4117,37.78118],[-122.41146,37.78137],[-122.41039,37.78221],[-122.41034,37.78225],[-122.41027,37.78231],[-122.41005,37.78248],[-122.40918,37.78316],[-122.40905,37.78327],[-122.409,37.78331],[-122.40898,37.78332],[-122.40893,37.78336],[-122.40869,37.78356],[-122.40816,37.78397],[-122.4081,37.78402],[-122.40745,37.7846],[-122.40629,37.78551],[-122.40606,37.78576],[-122.40474,37.78678],[-122.40346,37.78778],[-122.40291,37.78811],[-122.40281,37.7882],[-122.40207,37.78872],[-122.40197,37.78883],[-122.40194,37.78888],[-122.40175,37.78903],[-122.40153,37.78921],[-122.40148,37.78924],[-122.4014,37.7893],[-122.40135,37.78935],[-122.40015,37.79029],[-122.3999,37.79049],[-122.39951,37.7908],[-122.39925,37.791],[-122.3992,37.79106],[-122.39912,37.7911],[-122.39837,37.79169],[-122.3983,37.79175],[-122.39823,37.7918],[-122.39749,37.79239],[-122.39743,37.79244],[-122.39736,37.79249],[-122.39661,37.79308],[-122.39655,37.79313],[-122.39632,37.79334],[-122.39571,37.79379],[-122.39566,37.79383],[-122.39486,37.79446],[-122.39475,37.79448],[-122.39477,37.79439],[-122.39558,37.79375],[-122.39619,37.79328],[-122.39628,37.79322],[-122.39648,37.79307],[-122.39734,37.79237],[-122.39822,37.79168],[-122.39912,37.79099],[-122.39982,37.79042],[-122.40133,37.78923],[-122.40202,37.78868],[-122.40284,37.78805],[-122.40343,37.78764],[-122.40458,37.78673],[-122.40583,37.78574],[-122.40734,37.78456],[-122.40801,37.78395],[-122.40856,37.78354],[-122.40868,37.78344],[-122.40886,37.78331],[-122.40898,37.78321],[-122.40909,37.78312],[-122.41007,37.78235],[-122.41025,37.78219],[-122.41239,37.78038],[-122.41373,37.77938],[-122.41468,37.77867],[-122.41617,37.7774],[-122.41751,37.77653],[-122.418,37.77612],[-122.41866,37.77556],[-122.41911,37.7752],[-122.41915,37.77517],[-122.41917,37.77515],[-122.41922,37.77513],[-122.41928,37.77505],[-122.4193,37.77503],[-122.41932,37.77501],[-122.42018,37.77432],[-122.42069,37.77396],[-122.42072,37.77392],[-122.42123,37.77352],[-122.42186,37.77297],[-122.42263,37.77237],[-122.42325,37.77194],[-122.42341,37.77181],[-122.42351,37.77173],[-122.4238,37.7715],[-122.42397,37.77137],[-122.42474,37.77076],[-122.42479,37.77071],[-122.42488,37.77066],[-122.42611,37.76963],[-122.42686,37.76904],[-122.42757,37.76846],[-122.42826,37.76793],[-122.42849,37.76775],[-122.42894,37.76737],[-122.42923,37.76709],[-122.43035,37.76625],[-122.43065,37.76602],[-122.43101,37.76573],[-122.43169,37.76521],[-122.43284,37.76432],[-122.43308,37.76415],[-122.43344,37.76387],[-122.43408,37.76334],[-122.43481,37.76286],[-122.43519,37.76267],[-122.43537,37.76253],[-122.43563,37.76237],[-122.43603,37.76216],[-122.43616,37.7621],[-122.43624,37.76207],[-122.43637,37.76202],[-122.43691,37.76191],[-122.43716,37.76185],[-122.43729,37.76182],[-122.43836,37.76164],[-122.43846,37.76162],[-122.43901,37.76151],[-122.43931,37.76142],[-122.43941,37.76137],[-122.43948,37.76134],[-122.43979,37.76119],[-122.43999,37.76109],[-122.44006,37.76107],[-122.44025,37.76105],[-122.44098,37.76105],[-122.44219,37.76104],[-122.44239,37.76104],[-122.4426,37.761],[-122.44278,37.76093],[-122.443,37.76081],[-122.4435,37.76049],[-122.44355,37.76043],[-122.44457,37.75976],[-122.44463,37.75971],[-122.44472,37.75963],[-122.44478,37.75954],[-122.44482,37.75945],[-122.44482,37.75941],[-122.44485,37.75911],[-122.44481,37.75899],[-122.44471,37.75883],[-122.44466,37.75874],[-122.44443,37.75856],[-122.4444,37.75855],[-122.44426,37.75849],[-122.44408,37.7584],[-122.44386,37.75829],[-122.44376,37.75823]],"type":"LineString"},"properties":{"kind":"local street","mtfcc":"S1400","name":"Market St"},"type":"Feature"},{"geometry":{"coordinates":[[-122.41478,37.77874],[-122.41474,37.77872],[-122.41468,37.77867],[-122.41462,37.77862],[-122.41414,37.77824],[-122.41347,37.7777],[-122.41316,37.77746],[-122.41262,37.77703],[-122.41216,37.77666],[-122.41161,37.77622],[-122.41107,37.77579],[-122.41061,37.77543],[-122.41006,37.77499],[-122.40952,37.77455],[-122.40906,37.77419],[-122.40852,37.77376],[-122.40843,37.77369],[-122.40777,37.77317],[-122.40697,37.77253],[-122.40668,37.77229],[-122.40638,37.77206],[-122.40542,37.7713],[-122.40388,37.77006],[-122.40362,37.76989],[-122.40341,37.76981]],"type":"LineString"},"properties":{"kind":"local street","mtfcc":"S1400","name":"8th St"},"type":"Feature"},{"geometry":{"coordinates":[[-122.40748,37.78353],[-122.40969,37.78175],[-122.40981,37.78169],[-122.41193,37.78001],[-122.41316,37.77903]],"type":"LineString"},"properties":{"kind":"local street","mtfcc":"S1400","name":"Stevenson St"},"type":"Feature"},{"geometry":{"coordinates":[[-122.40349,37.78796],[-122.40358,37.78843],[-122.40366,37.78889],[-122.40375,37.78936],[-122.40384,37.78983],[-122.40393,37.79029],[-122.40403,37.79076],[-122.40422,37.79169],[-122.40442,37.79264],[-122.40461,37.79357],[-122.40471,37.79402],[-122.4048,37.79445],[-122.40488,37.79486],[-122.40496,37.79533],[-122.40508,37.79593],[-122.40511,37.79607],[-122.40514,37.79621],[-122.40529,37.79691],[-122.40532,37.79709],[-122.40541,37.79754],[-122.40548,37.7979],[-122.40547,37.79802],[-122.40547,37.79813],[-122.40552,37.79836],[-122.40559,37.79869],[-122.40565,37.79897],[-122.40574,37.79945],[-122.4058,37.79972],[-122.40583,37.7999],[-122.40602,37.80083],[-122.4062,37.80172],[-122.40622,37.80175],[-122.40625,37.80176],[-122.40629,37.80177]],"type":"LineString"},"properties":{"kind":"local street","mtfcc":"S1400","name":"Kearny St"},"type":"Feature"},{"geometry":{"coordinates":[[-122.40458,37.78673],[-122.40474,37.78678],[-122.40485,37.78681],[-122.40535,37.78675],[-122.4064,37.78661],[-122.40804,37.78641],[-122.40894,37.7863],[-122.40933,37.78625],[-122.40968,37.7862],[-122.41133,37.786],[-122.41215,37.78589],[-122.41297,37.78579],[-122.41356,37.78572],[-122.41427,37.78563],[-122.41462,37.78558],[-122.41502,37.78553],[-122.41567,37.78545],[-122.41626,37.78538],[-122.4179,37.78517],[-122.41955,37.78496],[-122.4211,37.78476],[-122.42126,37.78475],[-122.42284,37.78455]],"type":"LineString"},"properties":{"kind":"local street","mtfcc":"S1400","name":"Ofarrell St"},"type":"Feature"},{"geometry":{"coordinates":[[-122.40787,37.79028],[-122.408,37.79093],[-122.40806,37.7912]],"type":"LineString"},"properties":{"kind":"local street","mtfcc":"S1400","name":"Dashiell Hammett St"},"type":"Feature"},{"geometry":{"coordinates":[[-122.40664,37.79331],[-122.40682,37.7942],[-122.407,37.79508]],"type":"LineString"},"properties":{"kind":"local street","mtfcc":"S1400","name":"Waverly Pl"},"type":"Feature"},{"geometry":{"coordinates":[[-122.40566,37.79434],[-122.40585,37.79522]],"type":"LineString"},"properties":{"kind":"local street","mtfcc":"S1400","name":"Walter U Lum Pl"},"type":"Feature"},{"geometry":{"coordinates":[[-122.40322,37.79507],[-122.40488,37.79486]],"type":"LineString"},"properties":{"kind":"local street","mtfcc":"S1400","name":"Merchant St"},"type":"Feature"},{"geometry":{"coordinates":[[-122.40012,37.78896],[-122.39995,37.78882],[-122.39936,37.78835]],"type":"LineString"},"properties":{"kind":"local street","mtfcc":"S1400","name":"Anthony St"},"type":"Feature"},{"geometry":{"coordinates":[[-122.39816,37.79023],[-122.39891,37.78963],[-122.39966,37.78905],[-122.39995,37.78882]],"type":"LineString"},"properties":{"kind":"local street","mtfcc":"S1400","name":"Jessie St"},"type":"Feature"},{"geometry":{"coordinates":[[-122.40081,37.7877],[-122.40157,37.7871]],"type":"LineString"},"properties":{"kind":"local street","mtfcc":"S1400","name":"Aldrich Aly"},"type":"Feature"},{"geometry":{"coordinates":[[-122.39935,37.78997],[-122.39895,37.78966],[-122.39891,37.78963],[-122.39868,37.78945],[-122.39832,37.78918]],"type":"LineString"},"properties":{"kind":"local street","mtfcc":"S1400","name":"Ecker Pl"},"type":"Feature"},{"geometry":{"coordinates":[[-122.39569,37.78966],[-122.39657,37.78896],[-122.39753,37.78821],[-122.39779,37.788],[-122.39869,37.78729],[-122.39879,37.7872],[-122.39888,37.78712],[-122.3995,37.78663],[-122.40023,37.78606]],"type":"LineString"},"properties":{"kind":"local street","mtfcc":"S1400","name":"Natoma St"},"type":"Feature"},{"geometry":{"coordinates":[[-122.40727,37.79504],[-122.40733,37.79537],[-122.40739,37.79571],[-122.40743,37.79593]],"type":"LineString"},"properties":{"kind":"local street","mtfcc":"S1400","name":"Ross Aly"},"type":"Feature"},{"geometry":{"coordinates":[[-122.4099,37.79381],[-122.40991,37.79383],[-122.41007,37.79469]],"type":"LineString"},"properties":{"kind":"local street","mtfcc":"S1400","name":"Codman Pl"},"type":"Feature"},{"geometry":{"coordinates":[[-122.40175,37.792],[-122.40172,37.79153]],"type":"LineString"},"properties":{"kind":"local street","mtfcc":"S1400","name":"Mills Pl"},"type":"Feature"},{"geometry":{"coordinates":[[-122.40984,37.77602],[-122.41,37.77589],[-122.4105,37.77549],[-122.41061,37.77543],[-122.41086,37.77523],[-122.41105,37.77508],[-122.41217,37.7742]],"type":"LineString"},"properties":{"kind":"local street","mtfcc":"S1400","name":"Clementina St"},"type":"Feature"},{"geometry":{"coordinates":[[-122.41045,37.77344],[-122.40968,37.77284]],"type":"LineString"},"properties":{"kind":"local street","mtfcc":"S1400","name":"Gordon St"},"type":"Feature"},{"geometry":{"coordinates":[[-122.40952,37.77455],[-122.41071,37.77362],[-122.41107,37.77333]],"type":"LineString"},"properties":{"kind":"local street","mtfcc":"S1400","name":"Ringold St"},"type":"Feature"},{"geometry":{"coordinates":[[-122.40226,37.77379],[-122.4018,37.77343],[-122.40171,37.77335]],"type":"LineString"},"properties":{"kind":"local street","mtfcc":"S1400","name":"Butte Pl"},"type":"Feature"},{"geometry":{"coordinates":[[-122.40992,37.77755],[-122.40848,37.7764],[-122.40838,37.77632],[-122.40828,37.77624],[-122.40805,37.77605],[-122.40683,37.77509]],"type":"LineString"},"properties":{"kind":"local street","mtfcc":"S1400","name":"Langton St"},"type":"Feature"},{"geometry":{"coordinates":[[-122.40948,37.77545],[-122.40873,37.77484]],"type":"LineString"},"properties":{"kind":"local street","mtfcc":"S1400","name":"Rodgers St"},"type":"Feature"},{"geometry":{"coordinates":[[-122.40238,37.7786],[-122.40186,37.77819],[-122.40184,37.77817],[-122.40148,37.77788],[-122.40117,37.77763]],"type":"LineString"},"properties":{"kind":"local street","mtfcc":"S1400","name":"Merlin St"},"type":"Feature"},{"geometry":{"coordinates":[[-122.4017,37.78245],[-122.40199,37.78222],[-122.40285,37.78155],[-122.40392,37.7807],[-122.40616,37.77894]],"type":"LineString"},"properties":{"kind":"local street","mtfcc":"S1400","name":"Clementina St"},"type":"Feature"},{"geometry":{"coordinates":[[-122.40443,37.77944],[-122.40388,37.779]],"type":"LineString"},"properties":{"kind":"local street","mtfcc":"S1400","name":"Falmouth St"},"type":"Feature"},{"geometry":{"coordinates":[[-122.4054,37.77037],[-122.40563,37.77082],[-122.40578,37.77102],[-122.406,37.77134],[-122.40631,37.77187],[-122.40638,37.77206],[-122.40649,37.77235],[-122.40654,37.77266],[-122.40654,37.77286],[-122.40651,37.773],[-122.4065,37.77348],[-122.40638,37.77382],[-122.40636,37.77388],[-122.40627,37.77414],[-122.40607,37.77449],[-122.40599,37.77462],[-122.4057,37.77504],[-122.40564,37.77512],[-122.40504,37.77573],[-122.40424,37.77642],[-122.40415,37.77647],[-122.40351,37.77682],[-122.40295,37.77713],[-122.40286,37.77717],[-122.40217,37.77752],[-122.40195,37.77763],[-122.40148,37.77788],[-122.40099,37.77814],[-122.40086,37.77824],[-122.40031,37.77869],[-122.39868,37.78001],[-122.39866,37.78003],[-122.39811,37.78047],[-122.39794,37.78061],[-122.39658,37.78185],[-122.39655,37.78188],[-122.39603,37.78235],[-122.39553,37.78273],[-122.39513,37.7831],[-122.3944,37.7837],[-122.39349,37.7844],[-122.39344,37.78443],[-122.39338,37.78448],[-122.39289,37.78479],[-122.39281,37.78484],[-122.39194,37.7853],[-122.3917,37.78543],[-122.39157,37.78551],[-122.3914,37.7856],[-122.39117,37.78576],[-122.39096,37.78592],[-122.39064,37.78619],[-122.3904,37.78645],[-122.39018,37.78666]],"type":"LineString"},"properties":{"kind":"primary road","mtfcc":"S1100","name":"James Lick Fwy"},"type":"Feature"},{"geometry":{"coordinates":[[-122.3954,37.78325],[-122.39684,37.78212],[-122.39908,37.78036]],"type":"LineString"},"properties":{"kind":"local street","mtfcc":"S1400","name":"Perry St"},"type":"Feature"},{"geometry":{"coordinates":[[-122.39134,37.77281],[-122.39076,37.77285],[-122.3903,37.77287],[-122.38972,37.77293]],"type":"LineString"},"properties":{"kind":"local street","mtfcc":"S1400","name":"Mission Rock"},"type":"Feature"},{"geometry":{"coordinates":[[-122.39086,37.78441],[-122.3916,37.78382],[-122.39193,37.78356]],"type":"LineString"},"properties":{"kind":"local street","mtfcc":"S1400","name":"Federal St"},"type":"Feature"},{"geometry":{"coordinates":[[-122.39473,37.7822],[-122.39441,37.78194],[-122.39409,37.78169]],"type":"LineString"},"properties":{"kind":"local street","mtfcc":"S1400","name":"Center St"},"type":"Feature"},{"geometry":{"coordinates":[[-122.38854,37.78108],[-122.38863,37.78086],[-122.38899,37.78049],[-122.38941,37.78014],[-122.38968,37.77994],[-122.39189,37.77817],[-122.39415,37.77643],[-122.39638,37.77467]],"type":"LineString"},"properties":{"kind":"local street","mtfcc":"S1400","name":"King St"},"type":"Feature"},{"geometry":{"coordinates":[[-122.3905,37.78413],[-122.38979,37.78466],[-122.38963,37.78487],[-122.38955,37.78509]],"type":"LineString"},"properties":{"kind":"local street","mtfcc":"S1400","name":"Bayside Village Pl"},"type":"Feature"},{"geometry":{"coordinates":[[-122.39565,37.78638],[-122.39508,37.78593],[-122.39461,37.78555],[-122.39402,37.78521]],"type":"LineString"},"properties":{"kind":"local street","mtfcc":"S1400","name":"Essex St"},"type":"Feature"},{"geometry":{"coordinates":[[-122.39086,37.78857],[-122.39108,37.78843]],"type":"LineString"},"properties":{"kind":"local street","mtfcc":"S1400","name":"Elkhart St"},"type":"Feature"},{"geometry":{"coordinates":[[-122.3916,37.78382],[-122.39203,37.78417],[-122.39212,37.78421],[-122.39221,37.78428],[-122.39225,37.78431],[-122.39256,37.78455],[-122.3926,37.78459]],"type":"LineString"},"properties":{"kind":"local street","mtfcc":"S1400","name":"Rincon St"},"type":"Feature"},{"geometry":{"coordinates":[[-122.40654,37.77286],[-122.40579,37.77226]],"type":"LineString"},"properties":{"kind":"local street","mtfcc":"S1400","name":"Decatur St"},"type":"Feature"},{"geometry":{"coordinates":[[-122.39308,37.77221],[-122.39154,37.77335],[-122.39144,37.77349]],"type":"LineString"},"properties":{"kind":"local street","mtfcc":"S1400","name":"Long Bridge St"},"type":"Feature"},{"geometry":{"coordinates":[[-122.38997,37.77628],[-122.38808,37.7764],[-122.38785,37.7764],[-122.3878,37.77633],[-122.38768,37.77588],[-122.38766,37.77565],[-122.38764,37.77547],[-122.38748,37.77424],[-122.38744,37.77375],[-122.38743,37.77349],[-122.38741,37.77335],[-122.38736,37.77321],[-122.38729,37.77308],[-122.38693,37.77227],[-122.3869,37.77219],[-122.38674,37.77173],[-122.38659,37.77132],[-122.38653,37.77114],[-122.38646,37.77086],[-122.38644,37.77078],[-122.38639,37.77033],[-122.38632,37.76954],[-122.38625,37.769],[-122.38624,37.76886],[-122.38621,37.76874],[-122.38614,37.76865],[-122.386,37.76854],[-122.38575,37.76838],[-122.38564,37.76832],[-122.38559,37.76823],[-122.38555,37.76811],[-122.38556,37.76796],[-122.38564,37.76769],[-122.3857,37.7675],[-122.38582,37.76725],[-122.38593,37.76703],[-122.38662,37.76567],[-122.38761,37.76448],[-122.38792,37.76438]],"type":"LineString"},"properties":{"kind":"local street","mtfcc":"S1400","name":"Terry A Francois Blvd"},"type":"Feature"},{"geometry":{"coordinates":[[-122.40402,37.78344],[-122.40325,37.78283]],"type":"LineString"},"properties":{"kind":"local street","mtfcc":"S1400","name":"Holland Ct"},"type":"Feature"},{"geometry":{"coordinates":[[-122.40607,37.79001],[-122.4055,37.79008],[-122.40542,37.7901],[-122.40491,37.79017],[-122.40467,37.7902]],"type":"LineString"},"properties":{"kind":"local street","mtfcc":"S1400","name":"Harlan Pl"},"type":"Feature"},{"geometry":{"coordinates":[[-122.40012,37.80165],[-122.40044,37.80152],[-122.40162,37.80138],[-122.4022,37.80131],[-122.40279,37.80124],[-122.40317,37.8012],[-122.40362,37.80114],[-122.40443,37.80104],[-122.40486,37.80098],[-122.40524,37.80093],[-122.40602,37.80083],[-122.40634,37.8008],[-122.40641,37.80079],[-122.4068,37.80074],[-122.40704,37.80071],[-122.40758,37.80064],[-122.4079,37.8006],[-122.40801,37.80059],[-122.40836,37.80054],[-122.40884,37.80049],[-122.40919,37.80045],[-122.41021,37.80031],[-122.41083,37.80024],[-122.41163,37.80014],[-122.41247,37.80003],[-122.41412,37.79982],[-122.4152,37.79969],[-122.41576,37.79962],[-122.41649,37.79953],[-122.41738,37.79941],[-122.41748,37.7994],[-122.4177,37.79937],[-122.41823,37.7993],[-122.41905,37.7992],[-122.41996,37.79908],[-122.42009,37.79907],[-122.42035,37.79904],[-122.42058,37.79901],[-122.42069,37.79897],[-122.42234,37.79876],[-122.4239,37.79856],[-122.42408,37.79854],[-122.42433,37.79851],[-122.42454,37.79848],[-122.42563,37.79834],[-122.42727,37.79814],[-122.42891,37.79792],[-122.43056,37.79772],[-122.43144,37.7976],[-122.4322,37.79751],[-122.43385,37.7973],[-122.43549,37.79709],[-122.43714,37.79688],[-122.43878,37.79667],[-122.44042,37.79646],[-122.44209,37.79625],[-122.44376,37.79604],[-122.44541,37.79583],[-122.44687,37.79564]],"type":"LineString"},"properties":{"kind":"local street","mtfcc":"S1400","name":"Union St"},"type":"Feature"},{"geometry":{"coordinates":[[-122.39432,37.795],[-122.39659,37.79459],[-122.3978,37.79443],[-122.39897,37.79428],[-122.40015,37.79413],[-122.40131,37.79399],[-122.40216,37.79388],[-122.40296,37.79378],[-122.40402,37.79365],[-122.40461,37.79357],[-122.40613,37.79338],[-122.40664,37.79331],[-122.40715,37.79325],[-122.40729,37.79323],[-122.40737,37.79322],[-122.40773,37.79318],[-122.40855,37.79307],[-122.40901,37.79301],[-122.40936,37.79297],[-122.40971,37.79293],[-122.41101,37.79276],[-122.41143,37.79271],[-122.4119,37.79265],[-122.41193,37.79265],[-122.41265,37.79255],[-122.41429,37.79234],[-122.41512,37.79224],[-122.41553,37.79219],[-122.41594,37.79213],[-122.41629,37.79209],[-122.41758,37.79192],[-122.41922,37.7917],[-122.42087,37.7915],[-122.42239,37.79131],[-122.42261,37.79128],[-122.42416,37.79108],[-122.4258,37.79087],[-122.42745,37.79067],[-122.42909,37.79046],[-122.43074,37.79025],[-122.43238,37.79004],[-122.43359,37.78989],[-122.43403,37.78984],[-122.43567,37.78963],[-122.43732,37.78942],[-122.43832,37.78929],[-122.43896,37.78921],[-122.4405,37.78901],[-122.44058,37.789],[-122.44062,37.78899],[-122.44067,37.78899],[-122.4423,37.78878],[-122.44394,37.78857],[-122.44559,37.78836],[-122.44697,37.78819],[-122.44866,37.78798],[-122.4503,37.78777],[-122.45195,37.78755],[-122.45359,37.78734],[-122.45524,37.78714],[-122.45687,37.78693],[-122.45926,37.78662]],"type":"LineString"},"properties":{"kind":"local street","mtfcc":"S1400","name":"Sacramento St"},"type":"Feature"},{"geometry":{"coordinates":[[-122.40197,37.78883],[-122.402,37.7891],[-122.40219,37.79004],[-122.40238,37.79097],[-122.40257,37.7919],[-122.40277,37.79285],[-122.40296,37.79378],[-122.40305,37.79422],[-122.40314,37.79467],[-122.40322,37.79507],[-122.40332,37.79553],[-122.4035,37.79642],[-122.40355,37.79667],[-122.40363,37.79706],[-122.40368,37.7973],[-122.4038,37.79789],[-122.40386,37.79822],[-122.40394,37.79858],[-122.40405,37.79917],[-122.40417,37.79977],[-122.40424,37.8001],[-122.40434,37.80057],[-122.40443,37.80104],[-122.40449,37.80138],[-122.40452,37.8015],[-122.40461,37.80196],[-122.4047,37.80242],[-122.40477,37.80275],[-122.4048,37.8029],[-122.40499,37.80383],[-122.40517,37.80476],[-122.40536,37.8057],[-122.40592,37.80646],[-122.40578,37.80658],[-122.40566,37.80667]],"type":"LineString"},"properties":{"kind":"local street","mtfcc":"S1400","name":"Montgomery St"},"type":"Feature"},{"geometry":{"coordinates":[[-122.4058,37.79178],[-122.40635,37.79171]],"type":"LineString"},"properties":{"kind":"local street","mtfcc":"S1400","name":"Vinton Ct"},"type":"Feature"},{"geometry":{"coordinates":[[-122.40789,37.78986],[-122.40791,37.78996],[-122.40797,37.79026]],"type":"LineString"},"properties":{"kind":"local street","mtfcc":"S1400","name":"Chelsea Pl"},"type":"Feature"},{"geometry":{"coordinates":[[-122.39942,37.79665],[-122.39951,37.79693],[-122.39969,37.79781],[-122.39987,37.79873],[-122.40007,37.79968],[-122.40025,37.80061],[-122.40034,37.80107],[-122.40044,37.80152]],"type":"LineString"},"properties":{"kind":"local street","mtfcc":"S1400","name":"Front St"},"type":"Feature"},{"geometry":{"coordinates":[[-122.38811,37.78181],[-122.38807,37.78245],[-122.38807,37.78252],[-122.38802,37.78304],[-122.38797,37.78351],[-122.38795,37.78373],[-122.38789,37.78462],[-122.38789,37.78477],[-122.38786,37.78484],[-122.38777,37.78591],[-122.38771,37.78698],[-122.3877,37.7871],[-122.38767,37.78717],[-122.38766,37.78731],[-122.38772,37.78804],[-122.38774,37.78826],[-122.38787,37.78872],[-122.38789,37.7888],[-122.38793,37.78891],[-122.38797,37.78899],[-122.38803,37.78913],[-122.38829,37.78954],[-122.38839,37.78965],[-122.38848,37.78975],[-122.38982,37.79082],[-122.38993,37.79093],[-122.39001,37.79104],[-122.39016,37.79122],[-122.39038,37.79156],[-122.39056,37.79196],[-122.39064,37.7921],[-122.39075,37.79229],[-122.39089,37.79243],[-122.39094,37.7925],[-122.39102,37.7926],[-122.39122,37.79278],[-122.39172,37.7932],[-122.39233,37.79373],[-122.39241,37.79381],[-122.39253,37.79392],[-122.39327,37.7946],[-122.39456,37.79599],[-122.39516,37.79664],[-122.39527,37.79676],[-122.39536,37.79686],[-122.39642,37.79801],[-122.39658,37.79819],[-122.39747,37.7992],[-122.39756,37.79931],[-122.39762,37.7994],[-122.39818,37.80002],[-122.39895,37.80088],[-122.39903,37.80097],[-122.3991,37.80105],[-122.39979,37.80182],[-122.40045,37.80255],[-122.40124,37.80342],[-122.40173,37.80397],[-122.40188,37.80416],[-122.40215,37.8044],[-122.40315,37.80512],[-122.40349,37.80533],[-122.40432,37.80596],[-122.40453,37.80611],[-122.40549,37.80659],[-122.40566,37.80667],[-122.40575,37.80679],[-122.40652,37.80711],[-122.40713,37.80738],[-122.4073,37.80738],[-122.4078,37.8076],[-122.40886,37.80805],[-122.40905,37.80811],[-122.40926,37.80819],[-122.4108,37.80839],[-122.41243,37.80862],[-122.41252,37.80862]],"type":"LineString"},"properties":{"kind":"local street","mtfcc":"S1400","name":"The Embarcadero"},"type":"Feature"},{"geometry":{"coordinates":[[-122.40111,37.79579],[-122.40129,37.7967]],"type":"LineString"},"properties":{"kind":"local street","mtfcc":"S1400","name":"Customs Place Pl"},"type":"Feature"},{"geometry":{"coordinates":[[-122.40024,37.79458],[-122.4014,37.79443],[-122.40226,37.79432],[-122.40305,37.79422],[-122.40471,37.79402],[-122.40622,37.79383]],"type":"LineString"},"properties":{"kind":"local street","mtfcc":"S1400","name":"Commercial St"},"type":"Feature"},{"geometry":{"coordinates":[[-122.40421,37.78978],[-122.4044,37.79071]],"type":"LineString"},"properties":{"kind":"local street","mtfcc":"S1400","name":"Claude Ln"},"type":"Feature"},{"geometry":{"coordinates":[[-122.40207,37.78872],[-122.40202,37.78868],[-122.40195,37.78862],[-122.40151,37.78827],[-122.40104,37.78789],[-122.40081,37.7877],[-122.4005,37.78745],[-122.39997,37.78701],[-122.3995,37.78663],[-122.39898,37.78621]],"type":"LineString"},"properties":{"kind":"local street","mtfcc":"S1400","name":"New Montgomery St"},"type":"Feature"},{"geometry":{"coordinates":[[-122.40343,37.78764],[-122.40334,37.78728],[-122.40303,37.78702],[-122.40257,37.78668],[-122.40202,37.78625],[-122.40149,37.78583],[-122.40116,37.78557],[-122.40099,37.78544],[-122.40047,37.78503],[-122.39989,37.78456],[-122.39946,37.78421],[-122.39893,37.78379],[-122.39794,37.783],[-122.39739,37.78255],[-122.39684,37.78212],[-122.39673,37.78203],[-122.39661,37.78194],[-122.39655,37.78188],[-122.39646,37.78182],[-122.39638,37.78175],[-122.39584,37.78132],[-122.39552,37.78106],[-122.39507,37.7807],[-122.39463,37.78035],[-122.3943,37.78009],[-122.39275,37.77885],[-122.39189,37.77817],[-122.39171,37.77802],[-122.39112,37.77755],[-122.39054,37.7771],[-122.39043,37.77701],[-122.39039,37.77696],[-122.39021,37.77672],[-122.39001,37.77649],[-122.38997,37.77628],[-122.38978,37.77466],[-122.38977,37.77456],[-122.38972,37.77293],[-122.38962,37.77199],[-122.38953,37.77109],[-122.38949,37.7707],[-122.38948,37.77059],[-122.38939,37.76971],[-122.38935,37.7694],[-122.38929,37.76881],[-122.3892,37.76787],[-122.3891,37.7669]],"type":"LineString"},"properties":{"kind":"local street","mtfcc":"S1400","name":"3rd St"},"type":"Feature"},{"geometry":{"coordinates":[[-122.39859,37.79057],[-122.39935,37.78997],[-122.40036,37.78917],[-122.40081,37.78881],[-122.40151,37.78827]],"type":"LineString"},"properties":{"kind":"local street","mtfcc":"S1400","name":"Stevenson St"},"type":"Feature"},{"geometry":{"coordinates":[[-122.40034,37.78844],[-122.40104,37.78789],[-122.40183,37.78727],[-122.40257,37.78668]],"type":"LineString"},"properties":{"kind":"local street","mtfcc":"S1400","name":"Jessie St"},"type":"Feature"},{"geometry":{"coordinates":[[-122.39628,37.79322],[-122.39632,37.79334],[-122.39639,37.79366],[-122.39659,37.79459],[-122.3966,37.79465],[-122.39677,37.79547],[-122.39687,37.79592],[-122.39696,37.79635],[-122.39703,37.79669],[-122.39711,37.7971],[-122.39714,37.79724]],"type":"LineString"},"properties":{"kind":"local street","mtfcc":"S1400","name":"Drumm St"},"type":"Feature"},{"geometry":{"coordinates":[[-122.40583,37.78574],[-122.40524,37.78527],[-122.40479,37.78491],[-122.40427,37.78448],[-122.40371,37.78404],[-122.40271,37.78326],[-122.4017,37.78245],[-122.40116,37.78202],[-122.40061,37.78159],[-122.40028,37.78133],[-122.40015,37.78122],[-122.39962,37.78079],[-122.39908,37.78036],[-122.399,37.7803],[-122.39887,37.7802],[-122.3988,37.78014],[-122.39866,37.78003],[-122.3986,37.77998],[-122.39806,37.77957],[-122.39754,37.77913],[-122.39706,37.77875],[-122.39653,37.77833],[-122.39574,37.7777],[-122.39498,37.77709],[-122.39454,37.77674],[-122.39415,37.77643],[-122.39394,37.77626],[-122.39335,37.77579],[-122.3927,37.77529],[-122.39253,37.77516],[-122.39235,37.77503],[-122.39213,37.77486],[-122.39191,37.77468],[-122.39174,37.77454],[-122.39173,37.77453],[-122.39157,37.77441],[-122.39155,37.77426],[-122.39152,37.77413],[-122.39144,37.77349],[-122.3914,37.77322],[-122.39135,37.77285],[-122.39134,37.77281],[-122.39129,37.77191],[-122.39118,37.77102],[-122.39118,37.77099],[-122.39116,37.77078],[-122.39116,37.77074],[-122.39116,37.7706],[-122.3911,37.76966],[-122.39095,37.76864],[-122.39089,37.76778],[-122.39082,37.76679]],"type":"LineString"},"properties":{"kind":"local street","mtfcc":"S1400","name":"4th St"},"type":"Feature"},{"geometry":{"coordinates":[[-122.40955,37.79566],[-122.40963,37.7961]],"type":"LineString"},"properties":{"kind":"local street","mtfcc":"S1400","name":"Adele Ct"},"type":"Feature"},{"geometry":{"coordinates":[[-122.40908,37.79572],[-122.40925,37.7966]],"type":"LineString"},"properties":{"kind":"local street","mtfcc":"S1400","name":"Trenton St"},"type":"Feature"},{"geometry":{"coordinates":[[-122.40164,37.79202],[-122.40154,37.79155]],"type":"LineString"},"properties":{"kind":"local street","mtfcc":"S1400","name":"Century Pl"},"type":"Feature"},{"geometry":{"coordinates":[[-122.40852,37.77496],[-122.40831,37.77479],[-122.40777,37.77435]],"type":"LineString"},"properties":{"kind":"local street","mtfcc":"S1400","name":"Berwick Pl"},"type":"Feature"},{"geometry":{"coordinates":[[-122.40374,37.77263],[-122.4038,37.77268],[-122.40384,37.77271],[-122.40388,37.77275],[-122.40393,37.77279],[-122.40396,37.77283],[-122.40401,37.77287],[-122.40405,37.77291],[-122.40409,37.77294],[-122.40414,37.77298],[-122.40418,37.77302],[-122.40423,37.77305],[-122.40428,37.77308],[-122.40432,37.77312],[-122.40436,37.77316],[-122.4044,37.77319],[-122.40446,37.77322],[-122.40455,37.77327],[-122.4046,37.77331],[-122.40529,37.77386]],"type":"LineString"},"properties":{"kind":"local street","mtfcc":"S1400","name":"Langton St"},"type":"Feature"},{"geometry":{"coordinates":[[-122.41068,37.77205],[-122.40913,37.77082],[-122.40854,37.77035],[-122.40759,37.76959]],"type":"LineString"},"properties":{"kind":"local street","mtfcc":"S1400","name":"Dore St"},"type":"Feature"},{"geometry":{"coordinates":[[-122.40297,37.78221],[-122.40333,37.78193],[-122.4044,37.78108],[-122.40663,37.77931]],"type":"LineString"},"properties":{"kind":"local street","mtfcc":"S1400","name":"Tehama St"},"type":"Feature"},{"geometry":{"coordinates":[[-122.40027,37.78187],[-122.39999,37.78164],[-122.3998,37.7815]],"type":"LineString"},"properties":{"kind":"local street","mtfcc":"S1400","name":"Tandang Sora St"},"type":"Feature"},{"geometry":{"coordinates":[[-122.40396,37.77631],[-122.40337,37.77672]],"type":"LineString"},"properties":{"kind":"local street","mtfcc":"S1400","name":"Ahern Way"},"type":"Feature"},{"geometry":{"coordinates":[[-122.39935,37.7826],[-122.39888,37.78222],[-122.39834,37.7818]],"type":"LineString"},"properties":{"kind":"local street","mtfcc":"S1400","name":"Lapu St"},"type":"Feature"},{"geometry":{"coordinates":[[-122.39352,37.78123],[-122.39463,37.78035]],"type":"LineString"},"properties":{"kind":"local street","mtfcc":"S1400","name":"Varney Pl"},"type":"Feature"},{"geometry":{"coordinates":[[-122.39429,37.77883],[-122.39354,37.77823]],"type":"LineString"},"properties":{"kind":"local street","mtfcc":"S1400","name":"Clyde St"},"type":"Feature"},{"geometry":{"coordinates":[[-122.40021,37.77419],[-122.39943,37.77357],[-122.39931,37.77347],[-122.39916,37.77335],[-122.39907,37.77328],[-122.39874,37.77302],[-122.39858,37.77289],[-122.39835,37.77271],[-122.39811,37.77252],[-122.39806,37.77248],[-122.39791,37.77236],[-122.39787,37.77232],[-122.3978,37.77227],[-122.39744,37.77198],[-122.39719,37.77179]],"type":"LineString"},"properties":{"kind":"local street","mtfcc":"S1400","name":"6th St"},"type":"Feature"},{"geometry":{"coordinates":[[-122.39297,37.77989],[-122.39221,37.77928]],"type":"LineString"},"properties":{"kind":"local street","mtfcc":"S1400","name":"Clarence Pl"},"type":"Feature"},{"geometry":{"coordinates":[[-122.39429,37.77883],[-122.39461,37.77858],[-122.39455,37.77853],[-122.39386,37.77798]],"type":"LineString"},"properties":{"kind":"local street","mtfcc":"S1400","name":"Lusk St"},"type":"Feature"},{"geometry":{"coordinates":[[-122.39655,37.79313],[-122.39648,37.79307],[-122.39494,37.79184],[-122.39341,37.79061],[-122.39186,37.78937],[-122.39086,37.78857],[-122.39032,37.78813],[-122.38952,37.78749],[-122.38941,37.78741],[-122.38935,37.78736],[-122.38927,37.7873],[-122.38926,37.78728],[-122.38922,37.78726],[-122.38878,37.7869]],"type":"LineString"},"properties":{"kind":"local street","mtfcc":"S1400","name":"Main St"},"type":"Feature"},{"geometry":{"coordinates":[[-122.39548,37.78809],[-122.39669,37.78714],[-122.39682,37.78704],[-122.39702,37.78688],[-122.39738,37.78659],[-122.3977,37.78634],[-122.39819,37.78596]],"type":"LineString"},"properties":{"kind":"local street","mtfcc":"S1400","name":"Tehama St"},"type":"Feature"},{"geometry":{"coordinates":[[-122.39566,37.79383],[-122.39558,37.79375],[-122.39406,37.79254],[-122.39253,37.79131],[-122.39097,37.79007],[-122.38943,37.78884],[-122.38872,37.78827],[-122.38868,37.78824],[-122.38857,37.78815],[-122.38856,37.78814],[-122.38844,37.78805],[-122.38827,37.78791]],"type":"LineString"},"properties":{"kind":"local street","mtfcc":"S1400","name":"Spear St"},"type":"Feature"},{"geometry":{"coordinates":[[-122.39499,37.78839],[-122.39512,37.78828],[-122.39542,37.78805]],"type":"LineString"},"properties":{"kind":"local street","mtfcc":"S1400","name":"Tenny Pl"},"type":"Feature"},{"geometry":{"coordinates":[[-122.38789,37.7888],[-122.38808,37.78863],[-122.38815,37.78855],[-122.38857,37.78815],[-122.38941,37.78741],[-122.39018,37.78666]],"type":"LineString"},"properties":{"kind":"primary road","mtfcc":"S1100","name":"James Lick Fwy"},"type":"Feature"},{"geometry":{"coordinates":[[-122.39059,37.78302],[-122.38941,37.78205]],"type":"LineString"},"properties":{"kind":"local street","mtfcc":"S1400","name":"Delancey St"},"type":"Feature"},{"geometry":{"coordinates":[[-122.40636,37.77301],[-122.4056,37.77241]],"type":"LineString"},"properties":{"kind":"local street","mtfcc":"S1400","name":"Kate St"},"type":"Feature"},{"geometry":{"coordinates":[[-122.39372,37.77276],[-122.39308,37.77221]],"type":"LineString"},"properties":{"kind":"local street","mtfcc":"S1400","name":"Long Bridge St"},"type":"Feature"},{"geometry":{"coordinates":[[-122.39609,37.7705],[-122.39596,37.77079],[-122.39582,37.77108],[-122.39573,37.77117],[-122.39372,37.77276]],"type":"LineString"},"properties":{"kind":"local street","mtfcc":"S1400","name":"Channel St"},"type":"Feature"},{"geometry":{"coordinates":[[-122.39638,37.77467],[-122.39668,37.77445],[-122.39766,37.77362],[-122.39779,37.77347],[-122.39789,37.77333],[-122.39801,37.77308],[-122.39805,37.77287],[-122.39807,37.77265],[-122.39806,37.77248],[-122.39806,37.7724],[-122.398,37.77211],[-122.39788,37.77123],[-122.39784,37.77098],[-122.3978,37.77065],[-122.39779,37.77058],[-122.39778,37.77052],[-122.39775,37.76994],[-122.39772,37.76939],[-122.39745,37.7688],[-122.39737,37.76872],[-122.39723,37.76858],[-122.39683,37.76815],[-122.39652,37.7679],[-122.39577,37.76731],[-122.39484,37.76656],[-122.3946,37.76637],[-122.39419,37.76599],[-122.39388,37.76561],[-122.39372,37.76541],[-122.39335,37.76497],[-122.39299,37.76407],[-122.39294,37.76392],[-122.39277,37.7628],[-122.39262,37.76182],[-122.3926,37.76153],[-122.39255,37.76091],[-122.39249,37.76024],[-122.39247,37.75991],[-122.39243,37.75932],[-122.39243,37.75848],[-122.39244,37.75769],[-122.39246,37.7574],[-122.39245,37.75676],[-122.39245,37.75644],[-122.3924,37.75604],[-122.39232,37.75562],[-122.39218,37.75514],[-122.39214,37.75498],[-122.39206,37.75477],[-122.39197,37.75452],[-122.39189,37.75428],[-122.39174,37.75388],[-122.39168,37.75362],[-122.39162,37.75332],[-122.39159,37.75303],[-122.39157,37.75261],[-122.39162,37.75222],[-122.3917,37.75159],[-122.39179,37.75121],[-122.392,37.75071],[-122.39203,37.75066],[-122.39236,37.75003],[-122.39266,37.74938],[-122.39273,37.74923],[-122.39304,37.74857],[-122.39319,37.74825],[-122.39343,37.74785],[-122.39372,37.74734],[-122.39392,37.74691],[-122.39424,37.74629],[-122.39438,37.74596],[-122.39501,37.74519],[-122.39526,37.74496],[-122.39585,37.74435],[-122.39641,37.7437],[-122.39685,37.74325],[-122.39703,37.74292]],"type":"LineString"},"properties":{"kind":"primary road","mtfcc":"S1100","name":"I- 280"},"type":"Feature"},{"geometry":{"coordinates":[[-122.41315,37.78099],[-122.41255,37.78051],[-122.41239,37.78038],[-122.41193,37.78001],[-122.41148,37.77965],[-122.4114,37.77958],[-122.41094,37.77921],[-122.4104,37.77878],[-122.40994,37.77842],[-122.40939,37.77798],[-122.40784,37.77675],[-122.40752,37.77649],[-122.40729,37.77631],[-122.4063,37.77551],[-122.4061,37.77536],[-122.40604,37.77532],[-122.40579,37.77511],[-122.4057,37.77504],[-122.40544,37.77484],[-122.40489,37.77439],[-122.40475,37.77428],[-122.4032,37.77305],[-122.40166,37.77182],[-122.4008,37.77114],[-122.40002,37.77052],[-122.39916,37.76982],[-122.39905,37.76973],[-122.39859,37.76937],[-122.39818,37.76904],[-122.39742,37.76844],[-122.39665,37.76783],[-122.39583,37.76717],[-122.39506,37.76655]],"type":"LineString"},"properties":{"kind":"local street","mtfcc":"S1400","name":"7th St"},"type":"Feature"},{"geometry":{"coordinates":[[-122.4077,37.7847],[-122.40785,37.78549],[-122.40804,37.78641],[-122.40823,37.78736],[-122.4084,37.78829],[-122.4086,37.78923],[-122.40869,37.78971],[-122.40872,37.78985],[-122.40879,37.79016],[-122.40892,37.79081],[-122.40898,37.79109],[-122.40917,37.79204],[-122.40926,37.79247],[-122.40936,37.79297],[-122.40949,37.79356],[-122.40954,37.79378],[-122.40954,37.79385],[-122.40972,37.79474],[-122.40987,37.79549],[-122.4099,37.79562],[-122.40998,37.79601],[-122.40999,37.79606],[-122.41008,37.79649],[-122.41016,37.79692],[-122.41025,37.79736],[-122.41026,37.79742],[-122.41027,37.79744],[-122.41028,37.7975],[-122.41029,37.79754],[-122.4103,37.79762],[-122.41046,37.79837],[-122.41064,37.7993],[-122.41083,37.80024],[-122.41095,37.80083],[-122.41102,37.80117],[-122.4112,37.8021],[-122.41139,37.80303],[-122.41148,37.80347],[-122.41158,37.80396],[-122.41177,37.8049],[-122.41186,37.80536],[-122.41195,37.80582],[-122.41214,37.80676],[-122.41233,37.80769],[-122.41252,37.80862]],"type":"LineString"},"properties":{"kind":"local street","mtfcc":"S1400","name":"Powell St"},"type":"Feature"},{"geometry":{"coordinates":[[-122.40718,37.78329],[-122.40787,37.78275],[-122.4077,37.78261]],"type":"LineString"},"properties":{"kind":"local street","mtfcc":"S1400","name":"Mint Plz"},"type":"Feature"},{"geometry":{"coordinates":[[-122.3649,37.81027],[-122.36523,37.80996],[-122.36583,37.80941],[-122.36594,37.80932],[-122.36613,37.80918],[-122.36625,37.80905],[-122.36712,37.80809],[-122.36725,37.80792],[-122.36739,37.80774],[-122.36834,37.80679],[-122.36928,37.80583],[-122.38349,37.79291],[-122.38512,37.79139],[-122.38567,37.79089],[-122.38639,37.79021],[-122.38735,37.78931],[-122.38789,37.7888]],"type":"LineString"},"properties":{"kind":"primary road","mtfcc":"S1100","name":"Bay Brg"},"type":"Feature"},{"geometry":{"coordinates":[[-122.40905,37.78327],[-122.40908,37.78334],[-122.40911,37.78343],[-122.40911,37.78345],[-122.40931,37.78435],[-122.4095,37.78528],[-122.40968,37.7862],[-122.40977,37.78666],[-122.40987,37.78715],[-122.40993,37.78743],[-122.41006,37.78808],[-122.41024,37.78902],[-122.41043,37.78995],[-122.41052,37.79039],[-122.41062,37.79088],[-122.41076,37.79153],[-122.41082,37.79183],[-122.41101,37.79276],[-122.41109,37.79317],[-122.41113,37.79338],[-122.41119,37.79364],[-122.41127,37.79406],[-122.41136,37.79453],[-122.41147,37.79506],[-122.41152,37.79529],[-122.41154,37.79541],[-122.41163,37.79585],[-122.41172,37.79629],[-122.41186,37.79697],[-122.41186,37.797],[-122.41188,37.79711],[-122.4119,37.79718],[-122.41191,37.79724],[-122.41193,37.79734],[-122.41207,37.79806],[-122.4121,37.79816],[-122.41228,37.7991],[-122.41241,37.79972],[-122.41242,37.79977],[-122.41247,37.80003],[-122.41253,37.80032],[-122.41266,37.80096],[-122.41275,37.80143],[-122.41285,37.80189],[-122.41291,37.80218],[-122.41303,37.80283],[-122.41322,37.80376],[-122.41336,37.80441],[-122.41343,37.80468],[-122.41352,37.80515],[-122.4136,37.80562],[-122.41379,37.80656],[-122.41397,37.80748],[-122.41416,37.80842]],"type":"LineString"},"properties":{"kind":"local street","mtfcc":"S1400","name":"Mason St"},"type":"Feature"},{"geometry":{"coordinates":[[-122.40349,37.78796],[-122.40504,37.78777],[-122.40659,37.78757],[-122.40823,37.78736],[-122.40987,37.78715],[-122.41024,37.7871],[-122.41104,37.787],[-122.41152,37.78694],[-122.41234,37.78684],[-122.41316,37.78673],[-122.41357,37.78668],[-122.4137,37.78666],[-122.41382,37.78665],[-122.41481,37.78652],[-122.41513,37.78648],[-122.41573,37.7864],[-122.41645,37.78631],[-122.41682,37.78626],[-122.41809,37.7861],[-122.41974,37.78589],[-122.42129,37.7857],[-122.42147,37.78568]],"type":"LineString"},"properties":{"kind":"local street","mtfcc":"S1400","name":"Geary St"},"type":"Feature"},{"geometry":{"coordinates":[[-122.40332,37.79553],[-122.40407,37.79606],[-122.40441,37.7963],[-122.40529,37.79691],[-122.40551,37.79707],[-122.40623,37.79756],[-122.40667,37.79787],[-122.40708,37.79815],[-122.40787,37.7987],[-122.40901,37.79949],[-122.41021,37.80031],[-122.41095,37.80083],[-122.41138,37.80112],[-122.41254,37.80193],[-122.41291,37.80218],[-122.41372,37.80274],[-122.41488,37.80354],[-122.41545,37.80394],[-122.41605,37.80436],[-122.41682,37.80489],[-122.41723,37.80517],[-122.41838,37.80598],[-122.41878,37.80624],[-122.41958,37.80678]],"type":"LineString"},"properties":{"kind":"local street","mtfcc":"S1400","name":"Columbus Ave"},"type":"Feature"},{"geometry":{"coordinates":[[-122.4089,37.79484],[-122.40899,37.79528]],"type":"LineString"},"properties":{"kind":"local street","mtfcc":"S1400","name":"Trenton St"},"type":"Feature"},{"geometry":{"coordinates":[[-122.40274,37.7956],[-122.40292,37.79649]],"type":"LineString"},"properties":{"kind":"local street","mtfcc":"S1400","name":"Hotaling St"},"type":"Feature"},{"geometry":{"coordinates":[[-122.40175,37.792],[-122.40196,37.79295],[-122.40206,37.79344],[-122.40216,37.79388],[-122.40226,37.79432],[-122.40237,37.79477]],"type":"LineString"},"properties":{"kind":"local street","mtfcc":"S1400","name":"Leidesdorff St"},"type":"Feature"},{"geometry":{"coordinates":[[-122.40291,37.78811],[-122.40349,37.78796]],"type":"LineString"},"properties":{"kind":"local street","mtfcc":"S1400","name":"Kearny St"},"type":"Feature"},{"geometry":{"coordinates":[[-122.39743,37.79244],[-122.39761,37.79351],[-122.3978,37.79443],[-122.39789,37.79491],[-122.39798,37.79531],[-122.39815,37.79619]],"type":"LineString"},"properties":{"kind":"local street","mtfcc":"S1400","name":"Davis St"},"type":"Feature"},{"geometry":{"coordinates":[[-122.3992,37.79106],[-122.39912,37.79099],[-122.39903,37.79092],[-122.39859,37.79057],[-122.39816,37.79023],[-122.39794,37.79005],[-122.39757,37.78976],[-122.39704,37.78933],[-122.39686,37.78919],[-122.39657,37.78896],[-122.39603,37.78854],[-122.39552,37.78812],[-122.39548,37.78809],[-122.39542,37.78805],[-122.39513,37.78782],[-122.39501,37.78772],[-122.39448,37.7873],[-122.39392,37.78685],[-122.39344,37.78647],[-122.39294,37.78607],[-122.39224,37.78552]],"type":"LineString"},"properties":{"kind":"local street","mtfcc":"S1400","name":"1st St"},"type":"Feature"},{"geometry":{"coordinates":[[-122.39432,37.795],[-122.39441,37.79509],[-122.39462,37.79536],[-122.39478,37.79564],[-122.3949,37.79583],[-122.39513,37.79612]],"type":"LineString"},"properties":{"kind":"local street","mtfcc":"S1400","name":"Pier"},"type":"Feature"},{"geometry":{"coordinates":[[-122.39704,37.78933],[-122.39802,37.78856],[-122.39925,37.78758],[-122.39997,37.78701],[-122.40041,37.78667],[-122.40149,37.78583]],"type":"LineString"},"properties":{"kind":"local street","mtfcc":"S1400","name":"Minna St"},"type":"Feature"},{"geometry":{"coordinates":[[-122.40886,37.79208],[-122.40895,37.79251]],"type":"LineString"},"properties":{"kind":"local street","mtfcc":"S1400","name":"Miles Ct"},"type":"Feature"},{"geometry":{"coordinates":[[-122.40401,37.797],[-122.40406,37.79725]],"type":"LineString"},"properties":{"kind":"local street","mtfcc":"S1400","name":"Jerome Aly"},"type":"Feature"},{"geometry":{"coordinates":[[-122.4072,37.79069],[-122.40671,37.79076]],"type":"LineString"},"properties":{"kind":"local street","mtfcc":"S1400","name":"Emma St"},"type":"Feature"},{"geometry":{"coordinates":[[-122.40434,37.78881],[-122.40444,37.78927]],"type":"LineString"},"properties":{"kind":"local street","mtfcc":"S1400","name":"Robert Kirk Ln"},"type":"Feature"},{"geometry":{"coordinates":[[-122.4077,37.7847],[-122.40792,37.78453],[-122.40849,37.78445]],"type":"LineString"},"properties":{"kind":"local street","mtfcc":"S1400","name":"Hallidie Plz"},"type":"Feature"},{"geometry":{"coordinates":[[-122.40734,37.78456],[-122.40745,37.7846],[-122.4077,37.7847]],"type":"LineString"},"properties":{"kind":"local street","mtfcc":"S1400","name":"Cable Car Turnaround"},"type":"Feature"},{"geometry":{"coordinates":[[-122.40329,37.78942],[-122.40375,37.78936]],"type":"LineString"},"properties":{"kind":"local street","mtfcc":"S1400","name":"Vermehr Pl"},"type":"Feature"},{"geometry":{"coordinates":[[-122.40113,37.79113],[-122.40123,37.79159]],"type":"LineString"},"properties":{"kind":"local street","mtfcc":"S1400","name":"Treasury Pl"},"type":"Feature"},{"geometry":{"coordinates":[[-122.38789,37.78477],[-122.38819,37.78476],[-122.38836,37.78475],[-122.38848,37.78469],[-122.38886,37.78439],[-122.38985,37.78361],[-122.39042,37.78315],[-122.39059,37.78302],[-122.39131,37.78245],[-122.39208,37.78185],[-122.39261,37.78142],[-122.39319,37.78097],[-122.39361,37.78064],[-122.3943,37.78009],[-122.39484,37.77966],[-122.3953,37.7793],[-122.39653,37.77833],[-122.39875,37.77657],[-122.40031,37.77534],[-122.40088,37.77489],[-122.40098,37.77481],[-122.40152,37.77439],[-122.40205,37.77397],[-122.4021,37.77392],[-122.40226,37.77379],[-122.40267,37.77347],[-122.4032,37.77305],[-122.40374,37.77263],[-122.40397,37.77245],[-122.40542,37.7713],[-122.40578,37.77102],[-122.40601,37.77083],[-122.407,37.77005],[-122.40759,37.76959],[-122.40762,37.76956],[-122.40764,37.76955],[-122.40774,37.76947],[-122.40789,37.76934],[-122.40801,37.76924]],"type":"LineString"},"properties":{"kind":"local street","mtfcc":"S1400","name":"Brannan St"},"type":"Feature"},{"geometry":{"coordinates":[[-122.40769,37.77932],[-122.40615,37.77808],[-122.40595,37.77808],[-122.40461,37.77701],[-122.40461,37.77685],[-122.40429,37.77658],[-122.40415,37.77647],[-122.40396,37.77631],[-122.40308,37.7756],[-122.403,37.77556],[-122.40152,37.77439],[-122.40077,37.77377]],"type":"LineString"},"properties":{"kind":"local street","mtfcc":"S1400","name":"Harriet St"},"type":"Feature"},{"geometry":{"coordinates":[[-122.39937,37.7859],[-122.39891,37.78554],[-122.39868,37.78535],[-122.39781,37.78467],[-122.39699,37.78402],[-122.39674,37.78382],[-122.39626,37.78344]],"type":"LineString"},"properties":{"kind":"local street","mtfcc":"S1400","name":"Hawthorne St"},"type":"Feature"},{"geometry":{"coordinates":[[-122.38811,37.78181],[-122.38813,37.78157],[-122.38818,37.78128],[-122.38831,37.78094],[-122.3884,37.78077],[-122.3886,37.7805],[-122.38891,37.7802],[-122.38927,37.77992],[-122.38932,37.77989],[-122.38948,37.77977],[-122.39171,37.77802],[-122.3918,37.77793],[-122.39384,37.77633],[-122.39394,37.77626],[-122.39619,37.77452]],"type":"LineString"},"properties":{"kind":"local street","mtfcc":"S1400","name":"King St"},"type":"Feature"},{"geometry":{"coordinates":[[-122.40702,37.7774],[-122.40647,37.77696],[-122.40548,37.77616]],"type":"LineString"},"properties":{"kind":"local street","mtfcc":"S1400","name":"Sherman St"},"type":"Feature"},{"geometry":{"coordinates":[[-122.41051,37.77709],[-122.4095,37.7763],[-122.40895,37.77587]],"type":"LineString"},"properties":{"kind":"local street","mtfcc":"S1400","name":"Rausch St"},"type":"Feature"},{"geometry":{"coordinates":[[-122.38811,37.78181],[-122.38842,37.7818],[-122.3887,37.7818],[-122.38876,37.7818],[-122.389,37.78171],[-122.38917,37.78165],[-122.38939,37.78151],[-122.38975,37.78122],[-122.39053,37.78061],[-122.39106,37.78018],[-122.39221,37.77928],[-122.39275,37.77885],[-122.39329,37.77843],[-122.39354,37.77823],[-122.39386,37.77798],[-122.39498,37.77709],[-122.39721,37.77533],[-122.39943,37.77357],[-122.3995,37.77352],[-122.39952,37.77351],[-122.39962,37.77343],[-122.39965,37.7734],[-122.40166,37.77182],[-122.40388,37.77006],[-122.40408,37.76997],[-122.40439,37.76975]],"type":"LineString"},"properties":{"kind":"local street","mtfcc":"S1400","name":"Townsend St"},"type":"Feature"},{"geometry":{"coordinates":[[-122.40333,37.78193],[-122.40285,37.78155]],"type":"LineString"},"properties":{"kind":"local street","mtfcc":"S1400","name":"Gallagher Ln"},"type":"Feature"},{"geometry":{"coordinates":[[-122.40037,37.78265],[-122.39983,37.78221]],"type":"LineString"},"properties":{"kind":"local street","mtfcc":"S1400","name":"Mabini St"},"type":"Feature"},{"geometry":{"coordinates":[[-122.39415,37.7835],[-122.39638,37.78175],[-122.39788,37.78055],[-122.3986,37.77998]],"type":"LineString"},"properties":{"kind":"local street","mtfcc":"S1400","name":"Stillman St"},"type":"Feature"},{"geometry":{"coordinates":[[-122.38964,37.78622],[-122.38967,37.78612],[-122.39021,37.78569],[-122.39033,37.78559],[-122.39083,37.7852],[-122.39115,37.78488],[-122.39114,37.78464],[-122.39086,37.78441],[-122.39057,37.78419],[-122.3905,37.78413],[-122.38985,37.78361],[-122.38891,37.78287]],"type":"LineString"},"properties":{"kind":"local street","mtfcc":"S1400","name":"Delancey St"},"type":"Feature"},{"geometry":{"coordinates":[[-122.39761,37.78326],[-122.39794,37.783]],"type":"LineString"},"properties":{"kind":"local street","mtfcc":"S1400","name":"Saint Francis Pl"},"type":"Feature"},{"geometry":{"coordinates":[[-122.3957,37.78388],[-122.39518,37.78347]],"type":"LineString"},"properties":{"kind":"local street","mtfcc":"S1400","name":"Vassar Pl"},"type":"Feature"},{"geometry":{"coordinates":[[-122.38799,37.7871],[-122.38808,37.78627],[-122.38817,37.78504],[-122.38819,37.78476]],"type":"LineString"},"properties":{"kind":"local street","mtfcc":"S1400","name":"Embarcadero South St"},"type":"Feature"},{"geometry":{"coordinates":[[-122.40714,37.77443],[-122.40746,37.77417]],"type":"LineString"},"properties":{"kind":"local street","mtfcc":"S1400","name":"Homer St"},"type":"Feature"},{"geometry":{"coordinates":[[-122.40641,37.77385],[-122.40638,37.77382]],"type":"LineString"},"properties":{"kind":"local street","mtfcc":"S1400","name":"Chesley St"},"type":"Feature"},{"geometry":{"coordinates":[[-122.39668,37.78677],[-122.39644,37.78659]],"type":"LineString"},"properties":{"kind":"local street","mtfcc":"S1400","name":"Oscar Aly"},"type":"Feature"},{"geometry":{"coordinates":[[-122.38997,37.77628],[-122.38808,37.7764],[-122.38785,37.7764],[-122.3878,37.77633],[-122.38768,37.77588],[-122.38766,37.77565],[-122.38764,37.77547],[-122.38748,37.77424],[-122.38744,37.77375],[-122.38743,37.77349],[-122.38741,37.77335],[-122.38736,37.77321],[-122.38729,37.77308],[-122.38693,37.77227],[-122.3869,37.77219],[-122.38674,37.77173],[-122.38659,37.77132],[-122.38653,37.77114],[-122.38646,37.77086],[-122.38644,37.77078],[-122.38639,37.77033],[-122.38632,37.76954],[-122.38625,37.769],[-122.38624,37.76886],[-122.38621,37.76874],[-122.38614,37.76865],[-122.386,37.76854],[-122.38575,37.76838],[-122.38564,37.76832],[-122.38559,37.76823],[-122.38555,37.76811],[-122.38556,37.76796],[-122.38564,37.76769],[-122.3857,37.7675],[-122.38582,37.76725],[-122.38593,37.76703],[-122.38662,37.76567],[-122.38761,37.76448],[-122.38792,37.76438]],"type":"LineString"},"properties":{"kind":"local street","mtfcc":"S1400","name":"Terry Francois St"},"type":"Feature"},{"geometry":{"coordinates":[[-122.40849,37.78445],[-122.40931,37.78435],[-122.41016,37.78424],[-122.4103,37.78422],[-122.41095,37.78414],[-122.41259,37.78393],[-122.41317,37.78386],[-122.41424,37.78372],[-122.41459,37.78368],[-122.41547,37.78357],[-122.41588,37.78352],[-122.41753,37.78331],[-122.41806,37.78324],[-122.41846,37.78319],[-122.41918,37.7831],[-122.42018,37.78297],[-122.42061,37.78292],[-122.42074,37.7829],[-122.42091,37.78288],[-122.42246,37.78269],[-122.4226,37.78266],[-122.4227,37.78265],[-122.4237,37.78253],[-122.42411,37.78248],[-122.4274,37.78206],[-122.42904,37.78185],[-122.43053,37.78166],[-122.43061,37.78165],[-122.4307,37.78164],[-122.4317,37.78151],[-122.43233,37.78143],[-122.43325,37.78131],[-122.43397,37.78122],[-122.43562,37.78101],[-122.43619,37.78094],[-122.43726,37.7808],[-122.43887,37.7806],[-122.43897,37.78058],[-122.44059,37.78037],[-122.44115,37.78029]],"type":"LineString"},"properties":{"kind":"local street","mtfcc":"S1400","name":"Eddy St"},"type":"Feature"},{"geometry":{"coordinates":[[-122.3649,37.81027],[-122.36523,37.80996],[-122.36583,37.80941],[-122.36594,37.80932],[-122.36613,37.80918],[-122.36625,37.80905],[-122.36712,37.80809],[-122.36725,37.80792],[-122.36739,37.80774],[-122.36834,37.80679],[-122.36928,37.80583],[-122.38349,37.79291],[-122.38512,37.79139],[-122.38567,37.79089],[-122.38639,37.79021],[-122.38735,37.78931],[-122.38789,37.7888],[-122.38808,37.78863],[-122.38815,37.78855],[-122.38857,37.78815],[-122.38941,37.78741],[-122.39018,37.78666]],"type":"LineString"},"properties":{"kind":"primary road","mtfcc":"S1100","name":"I- 80"},"type":"Feature"},{"geometry":{"coordinates":[[-122.40629,37.80177],[-122.40653,37.80174],[-122.40699,37.80167],[-122.40746,37.80161],[-122.40777,37.80157],[-122.40813,37.80152],[-122.40855,37.80147],[-122.40893,37.80143],[-122.40937,37.80137],[-122.41102,37.80117],[-122.41138,37.80112],[-122.41231,37.80101],[-122.41266,37.80096],[-122.4143,37.80076],[-122.41488,37.80068],[-122.41594,37.80055],[-122.41646,37.80048],[-122.41665,37.80046],[-122.41759,37.80034],[-122.41923,37.80013],[-122.4203,37.8],[-122.42077,37.79994],[-122.42088,37.7999],[-122.42252,37.79969],[-122.42409,37.7995],[-122.42427,37.79947],[-122.42581,37.79928],[-122.42663,37.79917],[-122.42746,37.79907],[-122.4291,37.79886],[-122.43075,37.79865],[-122.43239,37.79844],[-122.43404,37.79823],[-122.43568,37.79802],[-122.43733,37.79781],[-122.43897,37.7976],[-122.44061,37.79739],[-122.44228,37.79718],[-122.44395,37.79697],[-122.4456,37.79676],[-122.44701,37.79658]],"type":"LineString"},"properties":{"kind":"local street","mtfcc":"S1400","name":"Filbert St"},"type":"Feature"},{"geometry":{"coordinates":[[-122.40371,37.80017],[-122.40383,37.80015],[-122.40424,37.8001],[-122.40447,37.80007],[-122.40505,37.8],[-122.40537,37.79996],[-122.40561,37.79993],[-122.40583,37.7999],[-122.40622,37.79985],[-122.40661,37.7998],[-122.407,37.79975],[-122.40739,37.7997],[-122.4077,37.79966],[-122.40817,37.7996],[-122.40901,37.79949],[-122.40983,37.7994],[-122.41064,37.7993],[-122.41144,37.7992],[-122.41194,37.79914],[-122.41228,37.7991],[-122.41294,37.79901],[-122.41393,37.79889],[-122.41457,37.79881],[-122.41557,37.79868],[-122.41583,37.79865],[-122.41722,37.79847],[-122.41739,37.79845],[-122.41757,37.79843],[-122.41783,37.79839],[-122.41886,37.79827],[-122.41963,37.79817],[-122.41989,37.79813],[-122.42039,37.79807],[-122.4205,37.79803],[-122.42215,37.79783],[-122.42371,37.79763],[-122.42389,37.7976],[-122.42415,37.79757],[-122.42434,37.79755],[-122.42544,37.79741],[-122.42708,37.7972],[-122.42873,37.79699],[-122.43037,37.79678],[-122.43119,37.79668],[-122.43202,37.79657],[-122.43366,37.79637],[-122.4353,37.79616],[-122.43695,37.79595],[-122.43859,37.79574],[-122.44023,37.79553],[-122.4419,37.79532],[-122.44357,37.79511],[-122.44522,37.7949],[-122.44673,37.79471]],"type":"LineString"},"properties":{"kind":"local street","mtfcc":"S1400","name":"Green St"},"type":"Feature"},{"geometry":{"coordinates":[[-122.39527,37.79676],[-122.39556,37.79664],[-122.39584,37.79655],[-122.39649,37.79646],[-122.39696,37.79635],[-122.39792,37.79622],[-122.39815,37.79619],[-122.39864,37.79612],[-122.40049,37.79588],[-122.40111,37.79579],[-122.40168,37.79572],[-122.40274,37.7956],[-122.40332,37.79553],[-122.40464,37.79537],[-122.40496,37.79533],[-122.40568,37.79524],[-122.40585,37.79522],[-122.40605,37.7952],[-122.40648,37.79514],[-122.407,37.79508],[-122.40727,37.79504],[-122.40748,37.79502],[-122.40767,37.79499],[-122.40808,37.79494],[-122.40877,37.79486],[-122.4089,37.79484],[-122.40916,37.79481],[-122.40934,37.79478],[-122.40972,37.79474],[-122.41007,37.79469],[-122.41054,37.79463],[-122.41136,37.79453],[-122.41166,37.79449],[-122.41301,37.79432],[-122.41409,37.79418],[-122.41448,37.79413],[-122.41465,37.79411],[-122.41522,37.79403],[-122.41567,37.79397],[-122.41629,37.79389],[-122.41794,37.79368],[-122.41958,37.79347],[-122.42123,37.79326],[-122.42278,37.79306],[-122.42297,37.79304],[-122.42452,37.79284],[-122.42616,37.79263],[-122.4278,37.79243],[-122.42945,37.79222],[-122.43109,37.79201],[-122.43274,37.7918],[-122.43438,37.79159],[-122.43603,37.79138]],"type":"LineString"},"properties":{"kind":"local street","mtfcc":"S1400","name":"Washington St"},"type":"Feature"},{"geometry":{"coordinates":[[-122.40015,37.79029],[-122.40055,37.79025],[-122.40219,37.79004],[-122.40253,37.79],[-122.40277,37.78997],[-122.40384,37.78983],[-122.40421,37.78978],[-122.40459,37.78974],[-122.4054,37.78963],[-122.40696,37.78943],[-122.40775,37.78933],[-122.4086,37.78923],[-122.41024,37.78902],[-122.41056,37.78898],[-122.4109,37.78893],[-122.41097,37.78892],[-122.41103,37.78892],[-122.41125,37.78889],[-122.41189,37.78881],[-122.41201,37.78879],[-122.41222,37.78877],[-122.41236,37.78875],[-122.41354,37.7886],[-122.41391,37.78855],[-122.41411,37.78852],[-122.41449,37.78848],[-122.41463,37.78846],[-122.41518,37.78839],[-122.41653,37.78822],[-122.41683,37.78818],[-122.41801,37.78802],[-122.41846,37.78797],[-122.42012,37.78776],[-122.42166,37.78756],[-122.42186,37.78753],[-122.4234,37.78734],[-122.42505,37.78713],[-122.42667,37.78692],[-122.42834,37.78671],[-122.42998,37.7865],[-122.43147,37.78632],[-122.43155,37.7863],[-122.43163,37.78629],[-122.43227,37.78621],[-122.43327,37.78608],[-122.43492,37.78588],[-122.43656,37.78567],[-122.43821,37.78546],[-122.43975,37.78526],[-122.43984,37.78525],[-122.43987,37.78525],[-122.43992,37.78524],[-122.44154,37.78504],[-122.44318,37.78483],[-122.44483,37.78462],[-122.44625,37.78444]],"type":"LineString"},"properties":{"kind":"local street","mtfcc":"S1400","name":"Sutter St"},"type":"Feature"},{"geometry":{"coordinates":[[-122.40787,37.79028],[-122.408,37.79093],[-122.40806,37.7912]],"type":"LineString"},"properties":{"kind":"local street","mtfcc":"S1400","name":"Monore"},"type":"Feature"},{"geometry":{"coordinates":[[-122.40814,37.78993],[-122.40819,37.78992],[-122.40872,37.78985]],"type":"LineString"},"properties":{"kind":"local street","mtfcc":"S1400","name":"Anson Pl"},"type":"Feature"},{"geometry":{"coordinates":[[-122.4074,37.78985],[-122.4075,37.79032]],"type":"LineString"},"properties":{"kind":"local street","mtfcc":"S1400","name":"Burritt St"},"type":"Feature"},{"geometry":{"coordinates":[[-122.40433,37.79072],[-122.40453,37.79165]],"type":"LineString"},"properties":{"kind":"local street","mtfcc":"S1400","name":"St George Aly"},"type":"Feature"},{"geometry":{"coordinates":[[-122.40367,37.7908],[-122.40387,37.79174]],"type":"LineString"},"properties":{"kind":"local street","mtfcc":"S1400","name":"Belden Pl"},"type":"Feature"},{"geometry":{"coordinates":[[-122.40358,37.78843],[-122.40513,37.78823],[-122.40668,37.78803]],"type":"LineString"},"properties":{"kind":"local street","mtfcc":"S1400","name":"Maiden Ln"},"type":"Feature"},{"geometry":{"coordinates":[[-122.39888,37.79384],[-122.40006,37.79369],[-122.40122,37.79354],[-122.40206,37.79344]],"type":"LineString"},"properties":{"kind":"local street","mtfcc":"S1400","name":"Halleck St"},"type":"Feature"},{"geometry":{"coordinates":[[-122.40535,37.78675],[-122.40544,37.78723]],"type":"LineString"},"properties":{"kind":"local street","mtfcc":"S1400","name":"Savings Union Pl"},"type":"Feature"},{"geometry":{"coordinates":[[-122.40229,37.78762],[-122.40303,37.78702],[-122.40392,37.78631]],"type":"LineString"},"properties":{"kind":"local street","mtfcc":"S1400","name":"Stevenson St"},"type":"Feature"},{"geometry":{"coordinates":[[-122.40288,37.78643],[-122.40229,37.78604]],"type":"LineString"},"properties":{"kind":"local street","mtfcc":"S1400","name":"Opera Aly"},"type":"Feature"},{"geometry":{"coordinates":[[-122.39833,37.79709],[-122.3983,37.7969],[-122.39826,37.79672],[-122.39822,37.79653],[-122.39817,37.79626],[-122.39815,37.79619]],"type":"LineString"},"properties":{"kind":"local street","mtfcc":"S1400","name":"Davis Ct"},"type":"Feature"},{"geometry":{"coordinates":[[-122.3983,37.79175],[-122.39848,37.79189],[-122.39859,37.79241],[-122.39878,37.79336],[-122.39888,37.79384],[-122.39897,37.79428],[-122.39906,37.79472],[-122.39915,37.79516]],"type":"LineString"},"properties":{"kind":"local street","mtfcc":"S1400","name":"Front St"},"type":"Feature"},{"geometry":{"coordinates":[[-122.40672,37.79235],[-122.40682,37.79284]],"type":"LineString"},"properties":{"kind":"local street","mtfcc":"S1400","name":"Sabin Pl"},"type":"Feature"},{"geometry":{"coordinates":[[-122.40253,37.79],[-122.40263,37.79046],[-122.40272,37.79093]],"type":"LineString"},"properties":{"kind":"local street","mtfcc":"S1400","name":"Trinity Pl"},"type":"Feature"},{"geometry":{"coordinates":[[-122.40253,37.79],[-122.40263,37.79046],[-122.40272,37.79093]],"type":"LineString"},"properties":{"kind":"local street","mtfcc":"S1400","name":"Trinity St"},"type":"Feature"},{"geometry":{"coordinates":[[-122.39094,37.7925],[-122.39122,37.79234],[-122.39165,37.79201],[-122.39253,37.79131],[-122.39341,37.79061],[-122.39366,37.79041],[-122.39428,37.78993],[-122.39515,37.78923],[-122.39603,37.78854],[-122.39723,37.78759],[-122.39735,37.78749],[-122.39793,37.78704],[-122.39826,37.78678],[-122.39898,37.78621],[-122.39937,37.7859],[-122.40047,37.78503],[-122.40271,37.78326],[-122.40325,37.78283],[-122.40493,37.7815],[-122.40572,37.78088],[-122.40716,37.77974],[-122.40769,37.77932],[-122.40827,37.77886],[-122.40883,37.77842],[-122.40939,37.77798],[-122.40992,37.77755],[-122.41051,37.77709],[-122.41101,37.77669],[-122.41161,37.77622],[-122.41316,37.77499],[-122.41359,37.77466],[-122.41377,37.77452],[-122.41394,37.77438],[-122.41437,37.77404],[-122.41556,37.7731],[-122.4163,37.77246],[-122.41637,37.7724],[-122.4169,37.77172],[-122.41697,37.77163],[-122.41737,37.77089],[-122.41755,37.77045],[-122.41758,37.77043],[-122.41761,37.77042]],"type":"LineString"},"properties":{"kind":"local street","mtfcc":"S1400","name":"Howard St"},"type":"Feature"},{"geometry":{"coordinates":[[-122.38839,37.78965],[-122.38861,37.78948],[-122.3887,37.78941],[-122.38943,37.78884],[-122.39032,37.78813],[-122.39118,37.78746],[-122.39159,37.78713],[-122.39205,37.78677],[-122.39294,37.78607],[-122.39402,37.78521],[-122.3941,37.78515],[-122.39414,37.78511],[-122.39416,37.7851],[-122.39419,37.78507],[-122.39423,37.78504],[-122.3944,37.78491],[-122.39516,37.78431],[-122.3957,37.78388],[-122.39626,37.78344],[-122.39739,37.78255],[-122.39834,37.7818],[-122.39962,37.78079],[-122.40184,37.77903],[-122.40238,37.7786],[-122.40296,37.77815],[-122.40353,37.7777],[-122.40407,37.77727],[-122.40461,37.77685],[-122.4049,37.77662],[-122.40548,37.77616],[-122.4063,37.77551],[-122.40637,37.77546],[-122.40683,37.77509],[-122.4074,37.77464],[-122.40777,37.77435],[-122.40799,37.77418],[-122.40852,37.77376],[-122.40891,37.77345],[-122.40968,37.77284],[-122.41008,37.77253],[-122.41068,37.77205],[-122.41128,37.77158],[-122.41184,37.77114],[-122.41248,37.77063],[-122.41262,37.77052],[-122.41275,37.77039],[-122.41305,37.77005],[-122.41321,37.76985],[-122.41335,37.76958],[-122.41339,37.7695],[-122.41339,37.76946],[-122.41343,37.76904],[-122.4134,37.76867],[-122.41334,37.76802],[-122.41326,37.76707],[-122.41323,37.76673],[-122.41311,37.76545],[-122.413,37.76409],[-122.4129,37.76287],[-122.41284,37.76223],[-122.41278,37.7616],[-122.41268,37.76063],[-122.41264,37.76032],[-122.41261,37.76006],[-122.4125,37.75903],[-122.41235,37.75743],[-122.4122,37.75583],[-122.41205,37.75423],[-122.4119,37.75263],[-122.41175,37.75103],[-122.41159,37.74944],[-122.41154,37.74893],[-122.41149,37.74834],[-122.41148,37.7483],[-122.41148,37.74826],[-122.41147,37.74821],[-122.41139,37.7473]],"type":"LineString"},"properties":{"kind":"local street","mtfcc":"S1400","name":"Harrison St"},"type":"Feature"},{"geometry":{"coordinates":[[-122.40831,37.77234],[-122.40908,37.77173]],"type":"LineString"},"properties":{"kind":"local street","mtfcc":"S1400","name":"McLea Ct"},"type":"Feature"},{"geometry":{"coordinates":[[-122.40061,37.78159],[-122.4024,37.78018],[-122.40284,37.77983],[-122.40388,37.779],[-122.40507,37.77807]],"type":"LineString"},"properties":{"kind":"local street","mtfcc":"S1400","name":"Shipley St"},"type":"Feature"},{"geometry":{"coordinates":[[-122.39877,37.78475],[-122.39927,37.78515]],"type":"LineString"},"properties":{"kind":"local street","mtfcc":"S1400","name":"Kaplan Ln"},"type":"Feature"},{"geometry":{"coordinates":[[-122.39877,37.78475],[-122.39946,37.78421]],"type":"LineString"},"properties":{"kind":"local street","mtfcc":"S1400","name":"Clementina St"},"type":"Feature"},{"geometry":{"coordinates":[[-122.40827,37.77587],[-122.40805,37.77605]],"type":"LineString"},"properties":{"kind":"alley","mtfcc":"S1730","name":"Decker Aly"},"type":"Feature"},{"geometry":{"coordinates":[[-122.39112,37.77755],[-122.39335,37.77579],[-122.39558,37.77403],[-122.3978,37.77227],[-122.39787,37.77222],[-122.39791,37.77219],[-122.39793,37.77217],[-122.398,37.77211],[-122.39807,37.77206],[-122.39819,37.77197],[-122.39826,37.77191],[-122.39849,37.77173],[-122.39947,37.77095],[-122.39953,37.77085],[-122.39953,37.77077],[-122.39951,37.77073],[-122.39941,37.77063],[-122.39824,37.76966]],"type":"LineString"},"properties":{"kind":"local street","mtfcc":"S1400","name":"Berry St"},"type":"Feature"},{"geometry":{"coordinates":[[-122.39344,37.78647],[-122.39437,37.78574]],"type":"LineString"},"properties":{"kind":"local street","mtfcc":"S1400","name":"Lansing St"},"type":"Feature"},{"geometry":{"coordinates":[[-122.39392,37.78685],[-122.39463,37.78629],[-122.3947,37.78621],[-122.39472,37.78612],[-122.39471,37.78603],[-122.39463,37.78595],[-122.39437,37.78574]],"type":"LineString"},"properties":{"kind":"local street","mtfcc":"S1400","name":"Guy Pl"},"type":"Feature"},{"geometry":{"coordinates":[[-122.39344,37.78422],[-122.39284,37.78369]],"type":"LineString"},"properties":{"kind":"local street","mtfcc":"S1400","name":"Sterling St"},"type":"Feature"},{"geometry":{"coordinates":[[-122.39396,37.78771],[-122.39331,37.78719]],"type":"LineString"},"properties":{"kind":"local street","mtfcc":"S1400","name":"Grote Pl"},"type":"Feature"},{"geometry":{"coordinates":[[-122.4074,37.77464],[-122.40714,37.77443],[-122.407,37.77432]],"type":"LineString"},"properties":{"kind":"local street","mtfcc":"S1400","name":"Chesley St"},"type":"Feature"},{"geometry":{"coordinates":[[-122.3869,37.77219],[-122.38787,37.7721],[-122.38863,37.77206],[-122.3889,37.77204],[-122.38962,37.77199],[-122.38973,37.77197],[-122.39,37.77196],[-122.39077,37.77193],[-122.39129,37.77191],[-122.39165,37.7719],[-122.39296,37.7718],[-122.39336,37.77177],[-122.39363,37.77177]],"type":"LineString"},"properties":{"kind":"local street","mtfcc":"S1400","name":"China Basin St"},"type":"Feature"},{"geometry":{"coordinates":[[-122.39372,37.77276],[-122.39157,37.77441],[-122.39143,37.77446],[-122.39073,37.77448],[-122.38977,37.77456]],"type":"LineString"},"properties":{"kind":"local street","mtfcc":"S1400","name":"Channel St"},"type":"Feature"},{"geometry":{"coordinates":[[-122.39372,37.77276],[-122.39392,37.7727],[-122.39409,37.77273],[-122.39418,37.77276],[-122.39427,37.77277],[-122.39434,37.77275],[-122.39452,37.77264],[-122.39597,37.77148],[-122.39633,37.77118],[-122.39638,37.77113],[-122.39692,37.77074]],"type":"LineString"},"properties":{"kind":"local street","mtfcc":"S1400","name":"Channel St"},"type":"Feature"},{"geometry":{"coordinates":[[-122.38789,37.78477],[-122.38789,37.78462],[-122.38795,37.78373],[-122.38797,37.78351],[-122.38802,37.78304],[-122.38807,37.78252],[-122.38807,37.78245],[-122.38811,37.78181]],"type":"LineString"},"properties":{"kind":"local street","mtfcc":"S1400","name":"Embarcadero South St"},"type":"Feature"}],"type":"FeatureCollection"}